ADAMANTINA;-51.1783802873;-21.7658958012;-50.964439584;-21.3993510506
ADOLFO;-49.7464855828;-21.364587513;-49.5675637925;-21.1970148256
AGUAÍ;-47.2339726169;-22.1476868706;-46.861195602;-21.9675042633
ÁGUAS DA PRATA;-46.7586147637;-22.0175315398;-46.6123870883;-21.8184140069
ÁGUAS DE LINDÓIA;-46.6606352826;-22.5162510154;-46.5488098124;-22.4354429669
ÁGUAS DE SANTA BÁRBARA;-49.379132086;-23.0364807076;-49.1676315585;-22.721920624
ÁGUAS DE SÃO PEDRO;-47.8891296411;-22.6158291629;-47.8617940498;-22.5863891629
AGUDOS;-49.3856966422;-22.7846676936;-48.8509631251;-22.3374685318
ALAMBARI;-47.9678377937;-23.6135016437;-47.7787183511;-23.4874386896
ALFREDO MARCONDES;-51.4692870275;-22.0039578318;-51.3249816486;-21.8722435461
ALTAIR;-49.21947689;-20.6501373139;-48.9901133903;-20.415745795
ALTINÓPOLIS;-47.629135;-21.2143564812;-47.1812761751;-20.8091430863
ALTO ALEGRE;-50.3055048804;-21.7019187904;-50.0608534363;-21.5277488353
ALUMÍNIO;-47.325245;-23.6036543614;-47.2297690087;-23.463439
ÁLVARES FLORENCE;-50.0277452416;-20.416664965;-49.7996932415;-20.1721547275
ÁLVARES MACHADO;-51.6206626392;-22.2858505039;-51.3925127846;-21.9522602965
ÁLVARO DE CARVALHO;-49.8508225131;-22.1406546776;-49.6336291985;-22.0261300857
ALVINLÂNDIA;-49.8196273756;-22.5260771953;-49.7017429376;-22.3765599872
AMERICANA;-47.3880621366;-22.7850317644;-47.1934953162;-22.6630620714
AMÉRICO BRASILIENSE;-48.147824512;-21.7704122695;-47.9097949113;-21.6777475788
AMÉRICO DE CAMPOS;-49.8670277444;-20.3847587358;-49.6457583424;-20.19487196
AMPARO;-46.9322098307;-22.8529874404;-46.6808283295;-22.5412039839
ANALÂNDIA;-47.799943;-22.2400916233;-47.5498844067;-22.0130511493
ANDRADINA;-51.4816126364;-21.0855767839;-51.1341909115;-20.6461898694
ANGATUBA;-48.656314916;-23.6358223615;-48.1896430745;-23.2611333083
ANHEMBI;-48.3104684065;-22.9981704095;-48.01428;-22.5939633488
ANHUMAS;-51.5202393241;-22.5156651217;-51.3464154808;-22.1980557956
APARECIDA;-45.2816761636;-23.0080006136;-45.1884214552;-22.8098583901
APARECIDA D'OESTE;-50.9908369875;-20.5593222259;-50.83854798;-20.3980462589
APIAÍ;-49.1199012142;-24.5860993501;-48.489941583;-24.242961473
ARAÇARIGUAMA;-47.1424481223;-23.516267;-46.995036;-23.3511112993
ARAÇATUBA;-50.8996007687;-21.4554004394;-50.3422183876;-20.8305159112
ARAÇOIABA DA SERRA;-47.7653468182;-23.631314342;-47.549535;-23.4545714207
ARAMINA;-47.8995142726;-20.2471057384;-47.7368393585;-20.0661772693
ARANDU;-49.1513205609;-23.2657641737;-48.973620905;-23.0857990491
ARAPEÍ;-44.5333782978;-22.7719113289;-44.3597120089;-22.5723552433
ARARAQUARA;-48.3965821238;-21.9724064604;-47.9459380272;-21.5393260179
ARARAS;-47.4839585018;-22.4768623667;-47.1749252525;-22.1939711646
ARCO-ÍRIS;-50.5399731277;-21.8518560164;-50.3059766037;-21.6851358902
AREALVA;-49.1354206058;-22.2194843569;-48.8535079197;-21.9333039835
AREIAS;-44.8167005042;-22.8343876734;-44.6416233548;-22.521162713
AREIÓPOLIS;-48.691791959;-22.6985893951;-48.6079341064;-22.5326270283
ARIRANHA;-48.8586954077;-21.2470857647;-48.6945191007;-21.1080419673
ARTUR NOGUEIRA;-47.2365738055;-22.6390999939;-47.0423693379;-22.4730326024
ARUJÁ;-46.377608;-23.437278;-46.247678;-23.321446
ASPÁSIA;-50.7823734371;-20.2384861591;-50.6809208988;-20.129546711
ASSIS;-50.5732570134;-22.7118005853;-50.3012605689;-22.4448153097
ATIBAIA;-46.7164522598;-23.2616018104;-46.4309149133;-22.9974723149
AURIFLAMA;-50.6853229737;-20.7728938218;-50.4765075422;-20.5070676922
AVAÍ;-49.4589811093;-22.3472630813;-49.1607698155;-22.0414597167
AVANHANDAVA;-50.0608534363;-21.6099282627;-49.8432007115;-21.3255889441
AVARÉ;-49.0805793859;-23.3024208083;-48.7339075681;-22.8248472045
BADY BASSITT;-49.5102333093;-20.9852367091;-49.346019;-20.8789
BALBINOS;-49.3889506454;-21.9530510355;-49.266478689;-21.8377657487
BÁLSAMO;-49.626865119;-20.7892018692;-49.4838776317;-20.6175489198
BANANAL;-44.5084936088;-22.8853712688;-44.1613651644;-22.5878487415
BARÃO DE ANTONINA;-49.6295248849;-23.6789844409;-49.490086195;-23.4582325434
BARBOSA;-50.0287872221;-21.3553866367;-49.8165256914;-21.2256879394
BARIRI;-48.8672131114;-22.1928221724;-48.6027293128;-21.9285304821
BARRA BONITA;-48.6407011075;-22.5468111387;-48.4479996404;-22.4117085862
BARRA DO CHAPÉU;-49.2539602238;-24.5542396998;-48.9417104712;-24.330071143
BARRA DO TURVO;-48.6008313333;-25.1008198482;-48.2086359293;-24.6516333368
BARRETOS;-48.8944412993;-20.7428714486;-48.344597604;-20.2937993327
BARRINHA;-48.1783124474;-21.3068118446;-47.9916532437;-21.1595026076
BARUERI;-46.965401;-23.553318;-46.798735;-23.470356
BASTOS;-50.8643039021;-22.0152473224;-50.6640768333;-21.8772988908
BATATAIS;-47.786923583;-21.0384301013;-47.4064887433;-20.6929272831
BAURU;-49.2908609299;-22.4171851987;-48.9341589898;-22.0607285818
BEBEDOURO;-48.6844673521;-21.0916561563;-48.367219443;-20.7860156806
BENTO DE ABREU;-50.9865135951;-21.4478680221;-50.7359521929;-21.1831149151
BERNARDINO DE CAMPOS;-49.5624759585;-23.1501066495;-49.4121154753;-22.9009349769
BERTIOGA;-46.242677;-23.888888;-45.794008;-23.643529
BILAC;-50.5535295233;-21.5235278254;-50.418068182;-21.3077256743
BIRIGUI;-50.4665508215;-21.4681124478;-50.2391715232;-21.0602736777
BIRITIBA-MIRIM;-46.112126;-23.73633;-45.915956;-23.506886
BOA ESPERANÇA DO SUL;-48.6801288382;-22.0631539619;-48.2533488186;-21.8351468398
BOCAINA;-48.6468937731;-22.19858736;-48.3945656665;-21.9870305784
BOFETE;-48.4922919663;-23.3030052548;-48.1231196315;-22.9582491303
BOITUVA;-47.7800785289;-23.3791388407;-47.5734540778;-23.1908439979
BOM JESUS DOS PERDÕES;-46.543317;-23.237252;-46.411339;-23.110666
BOM SUCESSO DE ITARARÉ;-49.2542356561;-24.4050386326;-49.0748924933;-24.2453021943
BORÁ;-50.5609528076;-22.3190788908;-50.4507458601;-22.1526780717
BORACÉIA;-48.8563586477;-22.2326660284;-48.7144802186;-22.1031783856
BORBOREMA;-49.2412169957;-21.755594838;-48.9115247437;-21.4560453691
BOREBI;-49.0968065285;-22.8406454177;-48.8882171028;-22.5295040168
BOTUCATU;-48.8522130516;-23.0818816386;-48.239638684;-22.5953158677
BRAGANÇA PAULISTA;-46.7208785348;-23.0517294115;-46.4048849068;-22.8215404845
BRAÚNA;-50.4248549109;-21.6375074474;-50.2579493966;-21.4570412031
BREJO ALEGRE;-50.2590447315;-21.2584144505;-50.1550082952;-21.1104859329
BRODOWSKI;-47.726035;-21.151088;-47.517945;-20.9364068256
BROTAS;-48.3299783653;-22.5069258134;-47.8794698435;-22.0732245891
BURI;-48.7809568842;-23.9413138258;-48.3487325707;-23.538882688
BURITAMA;-50.3581897632;-21.1398860741;-50.0546953303;-20.9777161303
BURITIZAL;-47.8373946265;-20.2882644164;-47.5923066489;-20.1213685837
CABRÁLIA PAULISTA;-49.503078409;-22.5764498124;-49.2667379315;-22.3885396194
CABREÚVA;-47.1913558845;-23.4045823978;-46.9587812647;-23.2225007945
CAÇAPAVA;-45.841785;-23.2379490075;-45.5929143218;-22.9694457828
CACHOEIRA PAULISTA;-45.1253912141;-22.8571791796;-44.8930337312;-22.5626989391
CACONDE;-46.7628157043;-21.6850599488;-46.50004872;-21.4269571839
CAFELÂNDIA;-49.8088954823;-21.9399297363;-49.3088808321;-21.5240685001
CAIABU;-51.2910696272;-22.0716905069;-51.1515643368;-21.8232730101
CAIEIRAS;-46.8236739909;-23.426962;-46.6549396861;-23.3267228632
CAIUÁ;-52.143937;-22.048043;-51.8440564307;-21.5422026771
CAJAMAR;-46.94089849;-23.4302919409;-46.819653;-23.2781731699
CAJATI;-48.3193902678;-24.9121258694;-48.0469696278;-24.6406848199
CAJOBI;-48.9490862462;-20.9376968915;-48.7441100866;-20.8128410363
CAJURU;-47.478876374;-21.4625974087;-47.1813626723;-21.1007851
CAMPINA DO MONTE ALEGRE;-48.5392882466;-23.7156961234;-48.3640154437;-23.5093270785
CAMPINAS;-47.246767;-23.061219;-46.815302;-22.729225
CAMPO LIMPO PAULISTA;-46.810238;-23.2672505114;-46.7025588858;-23.1532344359
CAMPOS DO JORDÃO;-45.6763136153;-22.7971683745;-45.3999185044;-22.5888942277
CAMPOS NOVOS PAULISTA;-50.138773824;-22.7843042981;-49.886219277;-22.4904514829
CANANÉIA;-48.2396928397;-25.3123209493;-47.7343624022;-24.7563453886
CANAS;-45.0752429694;-22.8101197829;-44.9746537685;-22.6757870752
CÂNDIDO MOTA;-50.5787183474;-22.9464074024;-50.2619767599;-22.6729897773
CÂNDIDO RODRIGUES;-48.6841510055;-21.3942957208;-48.5756206979;-21.2869330969
CANITAR;-49.8368990069;-23.0769538092;-49.7423439099;-22.9677794037
CAPÃO BONITO;-48.5866936819;-24.2819126873;-47.9529448207;-23.8251267805
CAPELA DO ALTO;-47.8072143318;-23.561875143;-47.6506627696;-23.3849591685
CAPIVARI;-47.6233063561;-23.1280615142;-47.3821904439;-22.8453858285
CARAGUATATUBA;-45.7196583481;-23.7600041491;-45.2592508413;-23.4831175234
CARAPICUÍBA;-46.876765;-23.5843107429;-46.8143895962;-23.510625
CARDOSO;-50.1116963017;-20.2184050907;-49.8024474553;-19.9164224973
CASA BRANCA;-47.2413592787;-22.0106718538;-46.9541783162;-21.567877844
CÁSSIA DOS COQUEIROS;-47.2344854692;-21.3486568651;-47.0442243043;-21.185613067
CASTILHO;-51.7724764338;-21.1698638302;-51.4193643265;-20.6234187202
CATANDUVA;-49.0913314559;-21.2545676854;-48.8167685927;-21.0060775931
CATIGUÁ;-49.1334856022;-21.1357619761;-48.9637347704;-21.002307328
CEDRAL;-49.374709;-21.0192272731;-49.1418226248;-20.8142654183
CERQUEIRA CÉSAR;-49.2487121394;-23.2600661261;-48.9813228579;-22.8830730911
CERQUILHO;-47.8277334447;-23.2531428676;-47.6841018016;-23.1217496194
CESÁRIO LANGE;-48.0091761656;-23.2838272308;-47.8017971873;-23.1502877586
CHARQUEADA;-47.8309130321;-22.6088030692;-47.6652994192;-22.4425970798
CLEMENTINA;-50.5574939361;-21.662100646;-50.3845336686;-21.4883570218
COLINA;-48.7536692786;-20.8409770959;-48.4253901285;-20.6291250847
COLÔMBIA;-48.8887603869;-20.3989510904;-48.5066711644;-20.149381774
CONCHAL;-47.209725137;-22.4819606155;-47.0748510777;-22.2836429416
CONCHAS;-48.1661715089;-23.1042416591;-47.9273167531;-22.8211956975
CORDEIRÓPOLIS;-47.4932981158;-22.5369893063;-47.3022004799;-22.4186432095
COROADOS;-50.442736815;-21.5121520001;-50.2051622649;-21.2133905839
CORONEL MACEDO;-49.4764079175;-23.738041719;-49.1324809572;-23.5245890422
CORUMBATAÍ;-47.7240467806;-22.3352038977;-47.4697795514;-22.1498008548
COSMÓPOLIS;-47.2790551155;-22.7351255234;-47.0923533472;-22.5699611969
COSMORAMA;-49.92444;-20.5909879051;-49.6124707932;-20.2604443809
COTIA;-47.084756;-23.80345;-46.807775;-23.563057
CRAVINHOS;-47.907087;-21.428499;-47.6302739315;-21.195801
CRISTAIS PAULISTA;-47.5294886473;-20.4654832035;-47.2766551695;-20.2682876229
CRUZÁLIA;-50.8536711868;-22.8009422857;-50.6524115587;-22.6693575937
CRUZEIRO;-45.1243585097;-22.6602585569;-44.9024730792;-22.4631976579
CUBATÃO;-46.496237;-23.9414606115;-46.320239;-23.781152
CUNHA;-45.1643051761;-23.3239187835;-44.6236439952;-22.7886133005
DESCALVADO;-47.7919182588;-22.0550822949;-47.5101575826;-21.7059137032
DIADEMA;-46.651291;-23.739143;-46.577515;-23.657341
DIRCE REIS;-50.6720426231;-20.5172186745;-50.5756708557;-20.3757444732
DIVINOLÂNDIA;-46.8052240557;-21.7689368505;-46.6054144396;-21.5695337398
DOBRADA;-48.4762691466;-21.5575125444;-48.2331570162;-21.4724168092
DOIS CÓRREGOS;-48.488565932;-22.6254204967;-48.2348507779;-22.1807883148
DOLCINÓPOLIS;-50.5843976422;-20.1763438496;-50.4755739125;-20.0358583021
DOURADO;-48.4462134144;-22.1987684202;-48.2445985032;-22.0434061927
DRACENA;-51.7155989927;-21.6871394983;-51.4761725505;-21.4270754983
DUARTINA;-49.5157009123;-22.5034107306;-49.2854628013;-22.2941722892
DUMONT;-48.05326;-21.310095;-47.906333;-21.181509
ECHAPORÃ;-50.3499943343;-22.593134668;-50.0692426941;-22.2467249265
ELDORADO;-48.4645964414;-24.8070857845;-48.0014149985;-24.1941637175
ELIAS FAUSTO;-47.4627451588;-23.168677599;-47.2776438731;-22.9836441478
ELISIÁRIO;-49.153310251;-21.2212303838;-49.0211539142;-21.0852151983
EMBAÚBA;-48.9109938046;-21.0155150637;-48.7904917121;-20.8922894482
EMBU;-46.918322;-23.6882076811;-46.791872;-23.61011
EMBU-GUAÇU;-46.9121831896;-23.9418610639;-46.762508;-23.7646479633
EMILIANÓPOLIS;-51.5735703037;-21.8766028069;-51.3863706333;-21.702519917
ENGENHEIRO COELHO;-47.252896684;-22.5271259692;-47.0824668384;-22.4311611565
ESPÍRITO SANTO DO PINHAL;-46.900473429;-22.3073015275;-46.6707026321;-22.064253009
ESPÍRITO SANTO DO TURVO;-49.5070281198;-22.7429175413;-49.3356655861;-22.5839675842
ESTRELA D'OESTE;-50.4808969218;-20.4123454542;-50.3309081521;-20.1035969464
ESTRELA DO NORTE;-51.7844093667;-22.5732388826;-51.5709746738;-22.3923964355
EUCLIDES DA CUNHA PAULISTA;-52.7795057081;-22.6345557892;-52.4448247195;-22.3872481532
FARTURA;-49.6381780699;-23.5411232766;-49.392430606;-23.2589617462
FERNANDÓPOLIS;-50.3889646222;-20.4778279265;-50.1450404789;-20.0885902817
FERNANDO PRESTES;-48.7543813744;-21.4240644654;-48.6192969769;-21.2186042374
FERNÃO;-49.6190927808;-22.4430769877;-49.4591805573;-22.3098379106
FERRAZ DE VASCONCELOS;-46.399545;-23.6177736985;-46.349808;-23.511212
FLORA RICA;-51.4966809489;-21.7747453829;-51.2650061411;-21.629010273
FLOREAL;-50.2505032746;-20.7819237773;-50.0880859976;-20.5129524129
FLÓRIDA PAULISTA;-51.2853591139;-21.7437568971;-51.0583508162;-21.3547889674
FLORÍNIA;-50.8236230279;-22.9633510133;-50.5522674369;-22.7727741913
FRANCA;-47.5527585251;-20.7734443424;-47.143459835;-20.4171104873
FRANCISCO MORATO;-46.78638;-23.30215;-46.6382103271;-23.2484575877
FRANCO DA ROCHA;-46.8423382056;-23.3681220419;-46.635834;-23.257666
GABRIEL MONTEIRO;-50.6544769787;-21.5739609747;-50.4933128622;-21.4422536809
GÁLIA;-49.7289952857;-22.4691705769;-49.4227762008;-22.1817159007
GARÇA;-49.8549804041;-22.3830440578;-49.5243630037;-22.0759690755
GASTÃO VIDIGAL;-50.2905930409;-20.8749156064;-50.1101801507;-20.7367371067
GAVIÃO PEIXOTO;-48.5964444136;-21.8709816018;-48.3308234524;-21.6895099237
GENERAL SALGADO;-50.554570871;-20.8010332464;-50.2795455034;-20.4863091158
GETULINA;-50.2742198686;-21.9411437953;-49.8390554637;-21.6813551299
GLICÉRIO;-50.2996257223;-21.494618797;-50.1288873451;-21.1363700224
GUAIÇARA;-49.9137321656;-21.7401206838;-49.6330191762;-21.3626774038
GUAIMBÊ;-49.9651740041;-21.9713136073;-49.7714511782;-21.7593333587
GUAÍRA;-48.646925692;-20.5462553573;-48.1459773243;-20.1258737372
GUAPIAÇU;-49.283164;-20.851153;-49.0948149606;-20.5956197516
GUAPIARA;-48.6701903806;-24.336428234;-48.4209459229;-24.0889154572
GUARÁ;-47.9323070265;-20.5979982168;-47.6266206247;-20.3874865163
GUARAÇAÍ;-51.4852677714;-21.2948279934;-51.11582314;-20.8489523462
GUARACI;-49.1207186888;-20.5916683293;-48.8522335587;-20.1500559151
GUARANI D'OESTE;-50.4233323903;-20.1062976941;-50.2837497321;-20.0173787571
GUARANTÃ;-49.756489773;-22.0476680377;-49.4023147057;-21.7793582258
GUARARAPES;-50.8736263037;-21.5649819045;-50.5432671913;-20.9852211799
GUARAREMA;-46.160501;-23.542171;-45.9518646498;-23.308598
GUARATINGUETÁ;-45.4403259435;-23.0154281101;-45.029280902;-22.6114457188
GUAREÍ;-48.3870766136;-23.4952450057;-48.0484364635;-23.257790582
GUARIBA;-48.3371673757;-21.4812971669;-48.1122124892;-21.3127970553
GUARUJÁ;-46.325456;-24.042137;-46.121525;-23.856231
GUARULHOS;-46.570683;-23.510097;-46.335875;-23.27381
GUATAPARÁ;-48.1094220793;-21.5988633647;-47.887428042;-21.3047
GUZOLÂNDIA;-50.8057827969;-20.7221544886;-50.6171177751;-20.5240255322
HERCULÂNDIA;-50.5119987324;-22.0820915582;-50.2703690741;-21.8065180093
HOLAMBRA;-47.1157483948;-22.6901196006;-47.0160464285;-22.5695212134
HORTOLÂNDIA;-47.260961;-22.913343;-47.155547;-22.826059
IACANGA;-49.1522598468;-22.0498864772;-48.8921710004;-21.7509993806
IACRI;-50.7370964044;-21.9353071311;-50.5114506109;-21.6569307025
IARAS;-49.2100879545;-22.9591738575;-48.9832298672;-22.6668908143
IBATÉ;-48.1661037024;-22.0606404573;-47.9204615709;-21.8203760768
IBIRÁ;-49.3162908095;-21.1847588711;-49.1172505808;-20.9585180964
IBIRAREMA;-50.135406653;-22.9417621345;-50.0047510758;-22.6807469826
IBITINGA;-49.0840270454;-21.9281448813;-48.6427712825;-21.6512321998
IBIÚNA;-47.3885902934;-24.0240791792;-46.98402;-23.5970329581
ICÉM;-49.309410583;-20.475703345;-49.0755166633;-20.2566600616
IEPÊ;-51.2137374803;-22.7938214267;-50.9338291568;-22.4730809015
IGARAÇU DO TIETÊ;-48.6546069496;-22.5872185882;-48.4903307215;-22.499603793
IGARAPAVA;-47.8762028967;-20.1596031504;-47.5090010993;-19.9781479802
IGARATÁ;-46.263659;-23.257373;-46.065461;-22.984929
IGUAPE;-47.8302993948;-24.8470959063;-47.078343;-24.3364401621
ILHABELA;-45.461913;-23.9660654821;-45.0085310266;-23.722243
ILHA COMPRIDA;-47.9186634202;-25.0542552923;-47.4325964826;-24.674760764
ILHA SOLTEIRA;-51.4188473144;-20.6826109996;-51.038354;-20.280092212
INDAIATUBA;-47.3055958813;-23.2260341732;-47.0836465084;-22.99785
INDIANA;-51.3197126088;-22.2210644252;-51.2035352987;-22.0458244123
INDIAPORÃ;-50.35225961;-20.0477395459;-50.1717524475;-19.866375141
INÚBIA PAULISTA;-51.0095065676;-21.8226392173;-50.9145111814;-21.6326007795
IPAUSSU;-49.6829655728;-23.1479750804;-49.529133933;-22.9782276436
IPERÓ;-47.7449821103;-23.4808025101;-47.534396;-23.3297466584
IPEÚNA;-47.7956104458;-22.5411226266;-47.6387004378;-22.3283378078
IPIGUÁ;-49.465299;-20.73163;-49.3466987892;-20.5436638997
IPORANGA;-48.8108087528;-24.7262018603;-48.3471574676;-24.2525614093
IPUÃ;-48.2113500505;-20.5318196818;-47.9147774015;-20.2895543099
IRACEMÁPOLIS;-47.582749536;-22.7171440068;-47.4770239679;-22.517238536
IRAPUÃ;-49.5177105925;-21.3720905701;-49.284375121;-21.1768925344
IRAPURU;-51.4176933661;-21.644549502;-51.2855794994;-21.2924335866
ITABERÁ;-49.3427111205;-24.1253998357;-48.9487320438;-23.6862132808
ITAÍ;-49.2235861674;-23.7026973593;-48.822835786;-23.245512264
ITAJOBI;-49.2340747036;-21.4915729098;-48.9001653097;-21.2420314143
ITAJU;-48.908963385;-22.0240663472;-48.6790976637;-21.883804954
ITANHAÉM;-46.983268;-24.252584;-46.6425363053;-23.937847
ITAÓCA;-48.9491577476;-24.6751457151;-48.7307890752;-24.5519832839
ITAPECERICA DA SERRA;-46.937828;-23.8047219693;-46.769122;-23.667834
ITAPETININGA;-48.408572575;-23.8613848391;-47.8072143318;-23.4083850276
ITAPEVA;-49.19962621;-24.1991336291;-48.5487794746;-23.5935225877
ITAPEVI;-47.030183;-23.603795;-46.907381;-23.498651
ITAPIRA;-46.884638537;-22.5861679121;-46.6163027533;-22.2860545499
ITAPIRAPUÃ PAULISTA;-49.3176777416;-24.702364617;-49.1232795312;-24.4101266866
ITÁPOLIS;-49.0003329858;-21.7164950536;-48.5742289007;-21.3705844373
ITAPORANGA;-49.5760873065;-23.8069428744;-49.301338876;-23.4940954003
ITAPUÍ;-48.7719619535;-22.3197315204;-48.6292928275;-22.1802406415
ITAPURA;-51.5751856874;-20.690133337;-51.3423228479;-20.4650351911
ITAQUAQUECETUBA;-46.397296;-23.5121716834;-46.270499;-23.4161299812
ITARARÉ;-49.5244660309;-24.3179172768;-49.1214555792;-23.885153797
ITARIRI;-47.2490204937;-24.376509459;-47.021066;-24.1957655886
ITATIBA;-46.9276351132;-23.1068226388;-46.6703755399;-22.9220432196
ITATINGA;-48.7787094773;-23.3430597982;-48.4277827071;-22.941786753
ITIRAPINA;-47.9598784763;-22.4569677865;-47.7106006009;-22.12787
ITIRAPUÃ;-47.2529075001;-20.7322105091;-47.0958157118;-20.5655913596
ITOBI;-47.0108846446;-21.8202247973;-46.8429991203;-21.6961876563
ITU;-47.4393124454;-23.439923;-47.116035401;-23.155316406
ITUPEVA;-47.1471031899;-23.2452676438;-46.9951992448;-23.047636
ITUVERAVA;-48.0402689429;-20.4816739599;-47.6152159169;-20.1556610753
JABORANDI;-48.5256637699;-20.7528109466;-48.3200752404;-20.561022243
JABOTICABAL;-48.4504890106;-21.3607466574;-48.1355832051;-21.0592326602
JACAREÍ;-46.15358;-23.4197759576;-45.793684;-23.172215
JACI;-49.634957336;-21.0255266124;-49.5218665857;-20.8589730224
JACUPIRANGA;-48.2254995606;-24.9864033629;-47.9126393883;-24.5711566699
JAGUARIÚNA;-47.102738028;-22.7504150657;-46.9307961743;-22.6084922883
JALES;-50.6568310398;-20.397689368;-50.4579748574;-20.1304299441
JAMBEIRO;-45.809135;-23.356193082;-45.6121511572;-23.1960279114
JANDIRA;-46.930397;-23.5694062829;-46.860535;-23.512359
JARDINÓPOLIS;-48.0022148698;-21.120072;-47.671786;-20.8827515855
JARINU;-46.8083480594;-23.2150156824;-46.6539290885;-22.9772821325
JAÚ;-48.7310633803;-22.4810529074;-48.3420449779;-22.1217513454
JERIQUARA;-47.6454422138;-20.4072271416;-47.4966439489;-20.2761270272
JOANÓPOLIS;-46.399278;-23.012631;-46.041;-22.8571903426
JOÃO RAMALHO;-50.9352699619;-22.4445451927;-50.7033114427;-22.0219530115
JOSÉ BONIFÁCIO;-49.9915674918;-21.2618370035;-49.5574380443;-20.9320796339
JÚLIO MESQUITA;-49.8822419438;-22.061647746;-49.7343709102;-21.8901873691
JUMIRIM;-47.8395658839;-23.1530087296;-47.7463275929;-23.048998487
JUNDIAÍ;-47.0288905999;-23.3268333986;-46.7864319953;-23.0763767325
JUNQUEIRÓPOLIS;-51.5362361527;-21.7076606899;-51.3274649348;-21.2200266083
JUQUIÁ;-47.803377;-24.3981072911;-47.4773280521;-24.0343052718
JUQUITIBA;-47.208521885;-24.0642506813;-46.8067173457;-23.835291
LAGOINHA;-45.3140513848;-23.1979948634;-45.1242147908;-22.9984261253
LARANJAL PAULISTA;-47.951204362;-23.1759472549;-47.7476169896;-22.8606676405
LAVÍNIA;-51.225663345;-21.3840223122;-50.8501889834;-20.909771386
LAVRINHAS;-44.9669777572;-22.621826988;-44.8277976921;-22.4230431772
LEME;-47.4908653987;-22.2679124724;-47.1903628348;-22.0848817326
LENÇÓIS PAULISTA;-48.9638388259;-22.8524475725;-48.6606376304;-22.4840747028
LIMEIRA;-47.5117268984;-22.7384277357;-47.2117986908;-22.4449660785
LINDÓIA;-46.7125907188;-22.5545129851;-46.5989739303;-22.4728157136
LINS;-49.870501;-21.8045023834;-49.5175687646;-21.4891197252
LORENA;-45.2065400786;-22.9244181696;-44.8889957616;-22.6295494366
LOURDES;-50.302452611;-21.0081572378;-50.1677021612;-20.8887530219
LOUVEIRA;-46.9991512426;-23.1210772011;-46.8653298013;-23.0448659868
LUCÉLIA;-51.1128395266;-21.8355524076;-50.8982001249;-21.4322430726
LUCIANÓPOLIS;-49.6285117896;-22.5765008022;-49.4768154958;-22.3835481161
LUÍS ANTÔNIO;-47.9281431582;-21.7142783675;-47.6395557145;-21.380401
LUIZIÂNIA;-50.4538120858;-21.7257848046;-50.2456914381;-21.6220046243
LUPÉRCIO;-49.8853850942;-22.5268496247;-49.7354676109;-22.3516476656
LUTÉCIA;-50.4796516624;-22.4789721232;-50.2367876546;-22.1656918731
MACATUBA;-48.8270133155;-22.559050386;-48.6210951645;-22.3685446738
MACAUBAL;-50.0511814433;-20.9783901477;-49.9023240294;-20.7231632026
MACEDÔNIA;-50.3088098754;-20.205772105;-50.0280218882;-19.9862991635
MAGDA;-50.3027666058;-20.7521831685;-50.1381930377;-20.4673991773
MAIRINQUE;-47.326391;-23.6202769366;-47.157758;-23.4173367317
MAIRIPORÃ;-46.670187;-23.431038;-46.418328;-23.225811
MANDURI;-49.3876369523;-23.1447500475;-49.2220378195;-22.952736639
MARABÁ PAULISTA;-52.284730157;-22.2910376823;-51.8608412662;-21.9486701221
MARACAÍ;-50.9822709894;-22.8053252314;-50.5138342469;-22.5096174644
MARAPOAMA;-49.2340747036;-21.3249076252;-49.058684514;-21.1856429645
MARIÁPOLIS;-51.2490298393;-21.8650945849;-51.0922779129;-21.692018779
MARÍLIA;-50.1501662391;-22.4989027734;-49.7678879861;-21.8759554274
MARINÓPOLIS;-50.8730982196;-20.548876039;-50.7989431401;-20.4120715593
MARTINÓPOLIS;-51.2733239112;-22.5479578185;-50.9378689323;-21.8533091589
MATÃO;-48.6300739099;-21.7237895518;-48.2595165503;-21.5126940413
MAUÁ;-46.49948;-23.719587;-46.383944575;-23.6121296664
MENDONÇA;-49.6879559612;-21.2776226807;-49.4544853557;-21.1275573383
MERIDIANO;-50.3117860033;-20.4970686584;-50.0801376641;-20.3101101591
MESÓPOLIS;-50.6864111757;-20.0494204796;-50.5517032845;-19.8610405679
MIGUELÓPOLIS;-48.4516158693;-20.3534270096;-47.8877861372;-20.0282141782
MINEIROS DO TIETÊ;-48.515965279;-22.5800160905;-48.3590833081;-22.3514462509
MIRACATU;-47.5910455575;-24.3889794342;-47.1271345698;-23.9980365431
MIRA ESTRELA;-50.1934134785;-20.0485544282;-50.0441315163;-19.8736718305
MIRANDÓPOLIS;-51.3302977715;-21.3432268871;-50.8996007687;-20.8308896898
MIRANTE DO PARANAPANEMA;-52.2321389027;-22.5394100422;-51.7384520466;-22.1514082292
MIRASSOL;-49.5823184411;-20.9762871073;-49.432239;-20.681651
MIRASSOLÂNDIA;-49.5443083933;-20.6938758032;-49.4229994401;-20.4975893392
MOCOCA;-47.2479846179;-21.6338600568;-46.773919096;-21.2639663162
MOGI DAS CRUZES;-46.321927;-23.770307;-46.051108;-23.3427972876
MOGI GUAÇU;-47.2424168648;-22.4015853809;-46.7908770991;-22.0666275995
MOJI MIRIM;-47.1360400354;-22.5760860656;-46.8601891188;-22.2998111087
MOMBUCA;-47.7011878596;-22.9979331075;-47.5071423385;-22.8870612256
MONÇÕES;-50.1640421619;-20.9403145552;-50.0238226965;-20.8107115432
MONGAGUÁ;-46.7486528504;-24.14342068;-46.5890033037;-23.9960843952
MONTE ALEGRE DO SUL;-46.7283313788;-22.7794968671;-46.6125542106;-22.6348726893
MONTE ALTO;-48.7061660571;-21.3541063778;-48.4249711543;-21.1621605672
MONTE APRAZÍVEL;-49.9481846819;-20.8605112651;-49.6052274063;-20.5927575876
MONTE AZUL PAULISTA;-48.7856434853;-21.0111426911;-48.5855874028;-20.8123061059
MONTE CASTELO;-51.6531175835;-21.3419495549;-51.4895645072;-21.1423191048
MONTEIRO LOBATO;-45.932399;-23.045411;-45.6662272563;-22.8293865858
MONTE MOR;-47.4065459707;-23.0437087336;-47.201434;-22.8604192775
MORRO AGUDO;-48.3836549446;-20.9315646104;-47.9605837593;-20.4496301121
MORUNGABA;-46.891336;-22.9415705881;-46.6798573476;-22.834005922
MOTUCA;-48.2634391297;-21.6188265957;-48.0742700134;-21.4205857356
MURUTINGA DO SUL;-51.4108532938;-21.1359913281;-51.1980978143;-20.8575232151
NANTES;-51.2982027743;-22.7236675677;-51.0999747724;-22.4777246172
NARANDIBA;-51.6278786295;-22.6971793448;-51.444773445;-22.3516397829
NATIVIDADE DA SERRA;-45.5776053435;-23.5777173304;-45.1613054158;-23.2768990901
NAZARÉ PAULISTA;-46.51556;-23.316319;-46.214241;-23.093744
NEVES PAULISTA;-49.7265823509;-20.9946541213;-49.5634111244;-20.7576300239
NHANDEARA;-50.1287373478;-20.8311161247;-49.9250676379;-20.5143275375
NIPOÃ;-49.8509088937;-20.9535048753;-49.7010676899;-20.8314810224
NOVA ALIANÇA;-49.6184939744;-21.1618751689;-49.4459252626;-20.9436301467
NOVA CAMPINA;-49.1545364973;-24.3131901981;-48.8119248066;-24.0955466002
NOVA CANAÃ PAULISTA;-50.976528007;-20.4411793775;-50.843703776;-20.2970210655
NOVA CASTILHO;-50.4323186986;-20.8551907539;-50.2653571356;-20.7091316239
NOVA EUROPA;-48.6695964663;-21.8490918862;-48.4414582839;-21.7076716845
NOVA GRANADA;-49.4779278058;-20.6075328358;-49.1891847093;-20.3020187027
NOVA GUATAPORANGA;-51.6816445732;-21.356106979;-51.6149791315;-21.2843505588
NOVA INDEPENDÊNCIA;-51.6442483107;-21.2322805829;-51.4014485957;-21.0497082348
NOVAIS;-48.9641411541;-21.0596246846;-48.8559318568;-20.9135939722
NOVA LUZITÂNIA;-50.3376271746;-20.9064724628;-50.1627999086;-20.834342625
NOVA ODESSA;-47.3584107627;-22.8319019067;-47.2105696985;-22.7312877986
NOVO HORIZONTE;-49.5471205207;-21.6732849033;-49.0675353129;-21.285016015
NUPORANGA;-47.8316721269;-20.8211203126;-47.612207498;-20.5790641792
OCAUÇU;-50.0607254082;-22.540952059;-49.8507752935;-22.3274771951
ÓLEO;-49.4605608605;-23.0579345076;-49.2799032891;-22.8825478181
OLÍMPIA;-49.1296979476;-20.8696238334;-48.7865065786;-20.5447950079
ONDA VERDE;-49.3646741274;-20.684634;-49.1306360748;-20.5360205698
ORIENTE;-50.1738653722;-22.2606250123;-50.0042991807;-22.0269486123
ORINDIÚVA;-49.4650734302;-20.3120984678;-49.2590820985;-20.1163339816
ORLÂNDIA;-47.9899984762;-20.8143593723;-47.8004837061;-20.5861112339
OSASCO;-46.821827;-23.609067;-46.7470404714;-23.457985
OSCAR BRESSANE;-50.332573902;-22.379850192;-50.1693523399;-22.2091672722
OSVALDO CRUZ;-50.9606899712;-21.8701416904;-50.7689873983;-21.5419004499
OURINHOS;-49.9725249144;-23.073255078;-49.7626598198;-22.8382219254
OUROESTE;-50.4814608689;-20.0588074071;-50.3315983271;-19.7862305872
OURO VERDE;-51.8431068491;-21.6073878045;-51.6466369132;-21.3853974932
PACAEMBU;-51.3547374853;-21.6751538205;-51.2070253096;-21.3190124795
PALESTINA;-49.6918283363;-20.5051200224;-49.3072319009;-20.1711100865
PALMARES PAULISTA;-48.8827761932;-21.1564148552;-48.7739565444;-21.0416039719
PALMEIRA D'OESTE;-50.8543756288;-20.5536057705;-50.6541149883;-20.3240599918
PALMITAL;-50.3596374567;-22.9541466788;-50.0989202141;-22.6881430893
PANORAMA;-51.9658838094;-21.5850896864;-51.7532600091;-21.3362844056
PARAGUAÇU PAULISTA;-50.8579449118;-22.6472017726;-50.413971651;-22.282808
PARAIBUNA;-45.7911483331;-23.6572424378;-45.4500325115;-23.2907020243
PARAÍSO;-48.844293464;-21.1003339806;-48.6908629282;-20.9330109666
PARANAPANEMA;-49.0017183576;-23.6428024363;-48.6071873106;-23.2678546118
PARANAPUÃ;-50.6643954524;-20.1408591576;-50.5158462754;-19.9874466194
PARAPUÃ;-50.9659353192;-21.968962929;-50.706376272;-21.689018085
PARDINHO;-48.4763429475;-23.2035818366;-48.3028802627;-22.995558457
PARIQUERA-AÇU;-47.9643868316;-24.7993619483;-47.7277452012;-24.5661040638
PARISI;-50.081238407;-20.3362213233;-49.9991460056;-20.1816595943
PATROCÍNIO PAULISTA;-47.4526696215;-20.8645940004;-47.1376548324;-20.5230546028
PAULICÉIA;-51.8797204851;-21.3741359054;-51.681953787;-21.0511212633
PAULÍNIA;-47.2177704254;-22.817016;-47.0596076495;-22.6799679375
PAULISTÂNIA;-49.4569782169;-22.6427600926;-49.1509029815;-22.4940985468
PAULO DE FARIA;-49.6237683459;-20.242300824;-49.2459594728;-19.9058410071
PEDERNEIRAS;-49.0551594016;-22.490415414;-48.7029088767;-22.0892072056
PEDRA BELA;-46.5355171066;-22.8285435406;-46.3325661078;-22.7013098589
PEDRANÓPOLIS;-50.2307908364;-20.3212733133;-50.0218055394;-20.0847880874
PEDREGULHO;-47.6192395266;-20.3204015835;-47.23107362;-19.9988448452
PEDREIRA;-46.957425;-22.843212;-46.8288211898;-22.6815327172
PEDRINHAS PAULISTA;-50.9276919258;-22.8832842521;-50.7145871828;-22.743919098
PEDRO DE TOLEDO;-47.3506290154;-24.3618790175;-46.96831;-23.9938027169
PENÁPOLIS;-50.2804777151;-21.5900544505;-49.9770470102;-21.1955190898
PEREIRA BARRETO;-51.3246131748;-20.909771386;-50.8609358378;-20.4552348077
PEREIRAS;-48.0629414038;-23.2325131345;-47.897947564;-23.0144944261
PERUÍBE;-47.120798;-24.444781;-46.897689;-24.122011
PIACATU;-50.7822619898;-21.6618651179;-50.5404056451;-21.4918249544
PIEDADE;-47.6187456353;-23.9828722019;-47.2489764798;-23.6202057398
PILAR DO SUL;-47.8775500188;-24.0093796401;-47.5694399745;-23.7093760088
PINDAMONHANGABA;-45.6699600493;-23.0714563901;-45.3081993532;-22.7026569364
PINDORAMA;-49.0108610553;-21.2995922351;-48.8414453032;-21.1055224801
PINHALZINHO;-46.6609267951;-22.8508467501;-46.4861355755;-22.7212163821
PIQUEROBI;-51.9155719747;-22.0589248992;-51.5873220412;-21.6308319609
PIQUETE;-45.2691050893;-22.6595338601;-45.0946185698;-22.4968702623
PIRACAIA;-46.48349;-23.122695;-46.08656;-22.963881
PIRACICABA;-48.098664;-22.901498;-47.4904598979;-22.520547
PIRAJU;-49.5733528809;-23.3367898959;-49.1976531736;-23.0515455075
PIRAJUÍ;-49.6955179172;-22.1398481833;-49.1837585673;-21.6703244099
PIRANGI;-48.7778848956;-21.164984535;-48.5659093777;-21.0034985524
PIRAPORA DO BOM JESUS;-47.042914712;-23.435863;-46.902255227;-23.3202623099
PIRAPOZINHO;-51.8901762443;-22.6703603927;-51.4130429035;-22.1977472523
PIRASSUNUNGA;-47.6264661843;-22.104187968;-47.1974889147;-21.8398668858
PIRATININGA;-49.3235309782;-22.5291671287;-49.0657202077;-22.3020832455
PITANGUEIRAS;-48.4330667566;-21.130396568;-48.1244489686;-20.8753868652
PLANALTO;-50.055037516;-21.1334555644;-49.8270471861;-20.9068763064
PLATINA;-50.3478512012;-22.7152785664;-50.0921355119;-22.5249877624
POÁ;-46.368692;-23.57355;-46.324372635;-23.504813
POLONI;-49.905386789;-20.8176036383;-49.7639049466;-20.6696116337
POMPÉIA;-50.3458852348;-22.2506820024;-50.0433767805;-21.818156714
PONGAÍ;-49.4345406359;-21.8306286042;-49.2733222872;-21.6171824723
PONTAL;-48.1790263912;-21.1049726187;-47.9397182081;-20.8763699161
PONTALINDA;-50.6251813035;-20.5290824023;-50.4301786281;-20.3771178945
PONTES GESTAL;-49.8253533213;-20.285529858;-49.6522789512;-20.0710866177
POPULINA;-50.6154350493;-20.0371434982;-50.4321965391;-19.7796557979
PORANGABA;-48.2248996825;-23.2711956363;-48.0122735835;-23.0803978463
PORTO FELIZ;-47.6319057828;-23.385197;-47.4039732881;-23.0906856646
PORTO FERREIRA;-47.5550201967;-21.9358967465;-47.3348818937;-21.7556969316
POTIM;-45.3642618834;-22.857721564;-45.2374557163;-22.7878573523
POTIRENDABA;-49.4956791858;-21.1925081549;-49.2895674332;-20.960292047
PRACINHA;-51.140233226;-21.8892501882;-51.0082327905;-21.7877338467
PRADÓPOLIS;-48.1464806231;-21.4301779813;-47.99466;-21.2622253888
PRAIA GRANDE;-46.6127350797;-24.08962;-46.383858;-23.9464240427
PRATÂNIA;-48.8025679612;-22.8743710326;-48.5673149087;-22.7582944842
PRESIDENTE ALVES;-49.5621420737;-22.2452710389;-49.2495853867;-22.0019454755
PRESIDENTE BERNARDES;-51.8381289317;-22.3615861776;-51.4202456303;-21.8507279785
PRESIDENTE EPITÁCIO;-52.4561849678;-22.2730556867;-51.9410765886;-21.4933074526
PRESIDENTE PRUDENTE;-51.4839478515;-22.2063294612;-51.2231345674;-21.7213093345
PRESIDENTE VENCESLAU;-52.0298901235;-22.0059254458;-51.6959000848;-21.5780351439
PROMISSÃO;-50.109625315;-21.7076593648;-49.696410443;-21.2754828911
QUADRA;-48.1393236099;-23.383344619;-47.9491411641;-23.2225578276
QUATÁ;-50.7872614785;-22.437522;-50.4851910708;-22.0202928073
QUEIROZ;-50.3380385618;-21.8913959654;-50.1294987587;-21.7076845503
QUELUZ;-44.8552099878;-22.6137758438;-44.6881603705;-22.403850624
QUINTANA;-50.521261934;-22.1957718718;-50.2483573605;-21.9595010287
RAFARD;-47.6628680898;-23.10372545;-47.5086144904;-22.983919445
RANCHARIA;-51.1117474878;-22.6750023647;-50.7057724472;-21.950968628
REDENÇÃO DA SERRA;-45.6455545866;-23.3390430297;-45.3717785556;-23.1599039482
REGENTE FEIJÓ;-51.3995978975;-22.3550884687;-51.2050459617;-22.0446267876
REGINÓPOLIS;-49.2617853879;-22.0656075037;-49.1045031701;-21.6454342675
REGISTRO;-48.0850043511;-24.6384385111;-47.6266657386;-24.3517145664
RESTINGA;-47.6052124971;-20.7416830924;-47.3953424731;-20.5546187508
RIBEIRA;-49.1714495813;-24.6883523089;-48.8998074192;-24.5200260037
RIBEIRÃO BONITO;-48.3072960656;-22.1839061644;-48.042592627;-21.8928163182
RIBEIRÃO BRANCO;-48.9872579361;-24.39235606;-48.626171515;-24.1157294072
RIBEIRÃO CORRENTE;-47.6658906146;-20.530978771;-47.4998326316;-20.3857816272
RIBEIRÃO DO SUL;-50.0100547839;-22.833056081;-49.8366029756;-22.6636909515
RIBEIRÃO DOS ÍNDIOS;-51.6683252666;-21.9414492165;-51.5106441282;-21.6758328793
RIBEIRÃO GRANDE;-48.449556716;-24.3144851458;-48.2745242892;-24.0520659979
RIBEIRÃO PIRES;-46.475329;-23.770903;-46.3307;-23.617663
RIBEIRÃO PRETO;-47.989154;-21.369355;-47.646682;-21.059503
RIVERSUL;-49.6107365025;-23.9301061136;-49.2893626145;-23.7587331913
RIFAINA;-47.5492377386;-20.1708258366;-47.3291819511;-19.960701693
RINCÃO;-48.1704419946;-21.6781506132;-47.8591179851;-21.473982952
RINÓPOLIS;-50.8305935423;-21.7994702684;-50.6095848248;-21.5623217729
RIO CLARO;-47.7653623421;-22.5520658034;-47.4616144495;-22.2436794225
RIO DAS PEDRAS;-47.7122380408;-22.926464021;-47.4950566469;-22.765273014
RIO GRANDE DA SERRA;-46.428875;-23.774064;-46.323673;-23.7022232483
RIOLÂNDIA;-49.9067502916;-20.182104426;-49.5488839215;-19.919972963
ROSANA;-53.1101115316;-22.6584459906;-52.6115790889;-22.3031440513
ROSEIRA;-45.3544391725;-23.0270803528;-45.2549923105;-22.8380609601
RUBIÁCEA;-50.9241714324;-21.4910425321;-50.693169249;-21.1990480663
RUBINÉIA;-51.1093895548;-20.4317230381;-50.9183491919;-20.0963347821
SABINO;-49.7010848474;-21.6170153323;-49.4454510592;-21.3491991673
SAGRES;-51.0831457413;-21.9263959099;-50.9046856259;-21.8005531867
SALES;-49.623925983;-21.4482095742;-49.3960323645;-21.2269890325
SALES OLIVEIRA;-47.9855848203;-20.9106975982;-47.718156265;-20.7395859745
SALESÓPOLIS;-45.992664;-23.683156;-45.6948141414;-23.472111698
SALMOURÃO;-50.9393094115;-21.6894171403;-50.8092419794;-21.4857096778
SALTINHO;-47.8069048535;-22.9332349452;-47.6637622994;-22.7993838081
SALTO;-47.3895154391;-23.2368172732;-47.195601664;-23.1108996139
SALTO DE PIRAPORA;-47.7065661215;-23.7570267333;-47.4667506021;-23.5651105122
SALTO GRANDE;-50.0566492366;-22.9606741526;-49.8781893748;-22.7879278768
SANDOVALINA;-52.0329239625;-22.6131686008;-51.7073785915;-22.3214422774
SANTA ADÉLIA;-48.9238605815;-21.4276336119;-48.730918227;-21.214444428
SANTA ALBERTINA;-50.8442180138;-20.1484696535;-50.6493226033;-19.9161571657
SANTA BÁRBARA D'OESTE;-47.530548998;-22.908266;-47.341926;-22.699251
SANTA BRANCA;-45.9873849415;-23.5068414793;-45.7539835838;-23.329389
SANTA CLARA D'OESTE;-51.0011911358;-20.1419081549;-50.8258599527;-19.9901551872
SANTA CRUZ DA CONCEIÇÃO;-47.5783866666;-22.1875530861;-47.3996666111;-22.0635816357
SANTA CRUZ DA ESPERANÇA;-47.5171315997;-21.3692429211;-47.3678094212;-21.2039713731
SANTA CRUZ DAS PALMEIRAS;-47.3468980664;-21.9821154303;-47.1598092405;-21.7417047381
SANTA CRUZ DO RIO PARDO;-49.7804432514;-23.0087480318;-49.3680128305;-22.5132482931
SANTA ERNESTINA;-48.4639378552;-21.5054602739;-48.2825551706;-21.3852448962
SANTA FÉ DO SUL;-51.023981;-20.4032676753;-50.8647611339;-20.1297174647
SANTA GERTRUDES;-47.5793261234;-22.5355925525;-47.4629638544;-22.4122670619
SANTA ISABEL;-46.364157;-23.407777;-46.100655;-23.183419
SANTA LÚCIA;-48.1805286926;-21.716926764;-47.9097949113;-21.6157860539
SANTA MARIA DA SERRA;-48.2614798903;-22.6519407862;-48.054957511;-22.476003
SANTA MERCEDES;-51.8080323789;-21.3951698305;-51.673004857;-21.2238440798
SANTANA DA PONTE PENSA;-50.8600279128;-20.3394701057;-50.7484383006;-20.1619010631
SANTANA DE PARNAÍBA;-47.037523;-23.508167;-46.800322;-23.3849824865
SANTA RITA D'OESTE;-50.8859988224;-20.2170453808;-50.7390528857;-19.9676477272
SANTA RITA DO PASSA QUATRO;-47.7241393879;-21.8082049352;-47.2932600504;-21.5467725306
SANTA ROSA DE VITERBO;-47.4475163681;-21.6137409144;-47.2637010368;-21.3949782985
SANTA SALETE;-50.7850794405;-20.3372263483;-50.6681766791;-20.1933078331
SANTO ANASTÁCIO;-51.8839237266;-22.201866313;-51.5508999733;-21.825581769
SANTO ANDRÉ;-46.567208;-23.81587;-46.278391;-23.60565
SANTO ANTÔNIO DA ALEGRIA;-47.3087523722;-21.2122635959;-47.1127893192;-20.9538101072
SANTO ANTÔNIO DE POSSE;-47.0482978084;-22.6828341031;-46.8635358251;-22.544084657
SANTO ANTÔNIO DO ARACANGUÁ;-50.8729455288;-21.0653770653;-50.2627690079;-20.6705424461
SANTO ANTÔNIO DO JARDIM;-46.757800933;-22.1813219002;-46.5985300203;-22.0832547023
SANTO ANTÔNIO DO PINHAL;-45.7709451378;-22.8914689975;-45.6140514577;-22.7669626913
SANTO EXPEDITO;-51.424227166;-21.8881784595;-51.3251838721;-21.7388806363
SANTÓPOLIS DO AGUAPEÍ;-50.6099268838;-21.7159856425;-50.4432024602;-21.6051046278
SANTOS;-46.403067;-23.993249;-46.177392;-23.735251
SÃO BENTO DO SAPUCAÍ;-45.8199278186;-22.7876974138;-45.5553554382;-22.5732910303
SÃO BERNARDO DO CAMPO;-46.652046;-23.967918;-46.410296;-23.641036
SÃO CAETANO DO SUL;-46.584958;-23.65057;-46.544646;-23.599524
SÃO CARLOS;-48.0912610347;-22.161045;-47.7194858096;-21.5974283303
SÃO FRANCISCO;-50.7417135264;-20.4377196853;-50.6130693176;-20.3083644255
SÃO JOÃO DA BOA VISTA;-46.944067901;-22.0949929744;-46.6499200606;-21.8380463149
SÃO JOÃO DAS DUAS PONTES;-50.4482534074;-20.4836978998;-50.3216041853;-20.3333473659
SÃO JOÃO DE IRACEMA;-50.4598333999;-20.5860259132;-50.2712741228;-20.4610922893
SÃO JOÃO DO PAU D'ALHO;-51.7319783237;-21.3061427385;-51.6207027401;-21.1493191682
SÃO JOAQUIM DA BARRA;-48.1344116933;-20.6485690986;-47.778757287;-20.4330453777
SÃO JOSÉ DA BELA VISTA;-47.7430273755;-20.7016560066;-47.5286749407;-20.48022734
SÃO JOSÉ DO BARREIRO;-44.7247732225;-22.9067132042;-44.4515606774;-22.6014319072
SÃO JOSÉ DO RIO PARDO;-47.0376661354;-21.7088206898;-46.7575029666;-21.4841487611
SÃO JOSÉ DO RIO PRETO;-49.463271;-20.932792;-49.255598;-20.635153
SÃO JOSÉ DOS CAMPOS;-46.107989;-23.306683;-45.7212800112;-22.816293
SÃO LOURENÇO DA SERRA;-47.0287876214;-23.9384371356;-46.848447226;-23.774516
SÃO LUÍS DO PARAITINGA;-45.4268103863;-23.3970776264;-45.067563551;-23.0849150326
SÃO MANUEL;-48.7294289589;-22.8591723529;-48.3653813518;-22.5367393884
SÃO MIGUEL ARCANJO;-48.2074619349;-24.1203275078;-47.8134349006;-23.7432331361
SÃO PAULO;-46.826199;-24.008431;-46.365084;-23.356293
SÃO PEDRO;-48.0806289757;-22.692308;-47.782426;-22.4243299057
SÃO PEDRO DO TURVO;-49.9021870014;-22.8769674201;-49.5948894268;-22.5006463056
SÃO ROQUE;-47.208893;-23.653945;-46.9909323841;-23.411531
SÃO SEBASTIÃO;-45.842179;-23.8710125528;-45.39612;-23.6489117391
SÃO SEBASTIÃO DA GRAMA;-46.872196941;-21.8413755125;-46.6305874495;-21.6581312555
SÃO SIMÃO;-47.82977;-21.5922651885;-47.3797489284;-21.3399235235
SÃO VICENTE;-46.650333886;-24.0102009171;-46.3551343387;-23.899565
SARAPUÍ;-47.9177102216;-23.7659904244;-47.6373871849;-23.532138715
SARUTAIÁ;-49.549882371;-23.335768697;-49.4189911796;-23.182339764
SEBASTIANÓPOLIS DO SUL;-49.9856850016;-20.7105509277;-49.8286559971;-20.558325
SERRA AZUL;-47.6609155338;-21.4139824612;-47.4565437229;-21.2005448228
SERRANA;-47.679225;-21.2802955807;-47.526767;-21.14815
SERRA NEGRA;-46.7976887205;-22.666020835;-46.601296749;-22.5037194788
SERTÃOZINHO;-48.1869271757;-21.218411;-47.870679;-20.9920014143
SETE BARRAS;-48.1398176455;-24.5150131102;-47.757359;-24.0761572856
SEVERÍNIA;-48.8917033211;-20.8448116838;-48.7175468442;-20.7251900578
SILVEIRAS;-44.927718873;-22.8968601397;-44.7446860215;-22.5990572437
SOCORRO;-46.6321244809;-22.730355667;-46.392295693;-22.4677639259
SOROCABA;-47.570494;-23.588905;-47.303087;-23.350829
SUD MENNUCCI;-51.0577505877;-20.8268135123;-50.7616334314;-20.5310793562
SUMARÉ;-47.370203;-22.908045;-47.153151;-22.786899
SUZANO;-46.3834767668;-23.744579;-46.254546;-23.48492
SUZANÁPOLIS;-51.2313806339;-20.5651086167;-50.9644382046;-20.370771
TABAPUÃ;-49.1319942174;-21.0654506751;-48.9037931876;-20.8112726952
TABATINGA;-48.7514489671;-21.8371221287;-48.4787805056;-21.617474656
TABOÃO DA SERRA;-46.821622;-23.647191;-46.749202;-23.594916
TACIBA;-51.459081977;-22.6744906882;-51.2187055645;-22.3238817046
TAGUAÍ;-49.4779175498;-23.5408751965;-49.3218962671;-23.3955138278
TAIAÇU;-48.5971613784;-21.1902009369;-48.4766217039;-21.0753043348
TAIÚVA;-48.493168803;-21.2122033664;-48.3443164472;-21.0701527336
TAMBAÚ;-47.3998857681;-21.7578537524;-47.0832528242;-21.4422259591
TANABI;-49.8706790419;-20.7148658861;-49.4908618397;-20.3224416391
TAPIRAÍ;-47.9070222875;-24.1350925675;-47.3549117342;-23.8621177962
TAPIRATIBA;-46.8364018883;-21.5521474125;-46.6156223817;-21.3600636401
TAQUARAL;-48.4606997094;-21.0979530696;-48.3168508883;-21.0374442256
TAQUARITINGA;-48.7252542628;-21.5670722966;-48.3118164357;-21.3168984334
TAQUARITUBA;-49.3620563807;-23.6677341396;-49.1167631221;-23.4006337852
TAQUARIVAÍ;-48.7957585481;-24.0316401808;-48.5472969298;-23.8486648317
TARABAI;-51.712217;-22.4469318838;-51.533681;-22.27997778
TARUMÃ;-50.7070254324;-22.872562715;-50.5031499432;-22.6736806362
TATUÍ;-48.0832742583;-23.4886961955;-47.724638155;-23.2223429944
TAUBATÉ;-45.7250880358;-23.2246396217;-45.2890155917;-22.9479635412
TEJUPÁ;-49.4183790313;-23.4351346941;-49.2019195146;-23.262808757
TEODORO SAMPAIO;-52.6556020737;-22.6755349081;-52.1355542168;-22.1806794038
TERRA ROXA;-48.4509624832;-20.8542542888;-48.2434926887;-20.6955434389
TIETÊ;-47.826704886;-23.2232340908;-47.583381309;-22.8769039849
TIMBURI;-49.7166506311;-23.2817726855;-49.5221998059;-23.1131152416
TORRE DE PEDRA;-48.2608392707;-23.3031629258;-48.1547351491;-23.1962496584
TORRINHA;-48.2894683751;-22.536574;-48.040778769;-22.3616370232
TRABIJU;-48.4413250804;-22.0781211144;-48.2914969171;-21.9858200877
TREMEMBÉ;-45.7046731622;-23.0012062979;-45.5036343434;-22.8750099333
TRÊS FRONTEIRAS;-50.937899;-20.3875313633;-50.8153729679;-20.1658360318
TUIUTI;-46.7611762079;-22.8947393578;-46.621364511;-22.7676172309
TUPÃ;-50.7102191394;-22.1110392004;-50.3544522672;-21.8040406415
TUPI PAULISTA;-51.7231820366;-21.4548524114;-51.4795926483;-21.3123964981
TURIÚBA;-50.1828120734;-21.0017572545;-50.0223740324;-20.87361486
TURMALINA;-50.519670564;-20.1588871706;-50.3937788555;-19.9837302175
UBARANA;-49.8564835716;-21.3064041617;-49.6596788424;-21.1269356727
UBATUBA;-45.2805581337;-23.5963650007;-44.7241833742;-23.1985705401
UBIRAJARA;-49.7720015414;-22.6654618852;-49.5648399541;-22.4366402703
UCHOA;-49.2575229113;-21.0780978735;-49.078194402;-20.7829992386
UNIÃO PAULISTA;-49.9570572686;-20.9354253436;-49.833054059;-20.8425088829
URÂNIA;-50.7351752096;-20.3337205079;-50.5917341293;-20.0615111581
URU;-49.3911668585;-21.860250674;-49.238635586;-21.659007991
URUPÊS;-49.3990972489;-21.3147475328;-49.1418299949;-21.1241874202
VALENTIM GENTIL;-50.2027818598;-20.5137039645;-50.0319357304;-20.3045198209
VALINHOS;-47.074857;-23.0570422787;-46.8754880942;-22.90321
VALPARAÍSO;-51.145146358;-21.4395585895;-50.7445551967;-20.9359127152
VARGEM;-46.4858621145;-22.9813634824;-46.3446379525;-22.8071688229
VARGEM GRANDE DO SUL;-47.0042102335;-21.9834254715;-46.7505150197;-21.7539133082
VARGEM GRANDE PAULISTA;-47.0590289704;-23.670855;-46.981456;-23.577916
VÁRZEA PAULISTA;-46.8554036197;-23.261133;-46.796602;-23.181386
VERA CRUZ;-49.9140044568;-22.3576629381;-49.7419563067;-22.0979983054
VINHEDO;-47.0415769539;-23.1157150358;-46.9034346912;-23.006114758
VIRADOURO;-48.4093490583;-20.9550096675;-48.2076778337;-20.8062530602
VISTA ALEGRE DO ALTO;-48.7285799444;-21.2145316538;-48.580920954;-21.1390276011
VITÓRIA BRASIL;-50.5225332962;-20.2452794439;-50.4506609063;-20.1527744187
VOTORANTIM;-47.518449;-23.6500129482;-47.2966289007;-23.518663
VOTUPORANGA;-50.1546736084;-20.576005;-49.8522736521;-20.3166834929
ZACARIAS;-50.1513161245;-21.2267822741;-49.9586023185;-20.9973332499
CHAVANTES;-49.8193899044;-23.148393258;-49.665216197;-22.9350766528
ESTIVA GERBI;-46.9837241842;-22.2956116637;-46.8970816145;-22.183511581
