ADAMANTINA,-51.1783802873,-21.7658958012
ADOLFO,-49.7464855828,-21.364587513
AGUAÍ,-47.2339726169,-22.1476868706
ÁGUAS DA PRATA,-46.7586147637,-22.0175315398
ÁGUAS DE LINDÓIA,-46.6606352826,-22.5162510154
ÁGUAS DE SANTA BÁRBARA,-49.379132086,-23.0364807076
ÁGUAS DE SÃO PEDRO,-47.8891296411,-22.6158291629
AGUDOS,-49.3856966422,-22.7846676936
ALAMBARI,-47.9678377937,-23.6135016437
ALFREDO MARCONDES,-51.4692870275,-22.0039578318
ALTAIR,-49.21947689,-20.6501373139
ALTINÓPOLIS,-47.629135,-21.2143564812
ALTO ALEGRE,-50.3055048804,-21.7019187904
ALUMÍNIO,-47.325245,-23.6036543614
ÁLVARES FLORENCE,-50.0277452416,-20.416664965
ÁLVARES MACHADO,-51.6206626392,-22.2858505039
ÁLVARO DE CARVALHO,-49.8508225131,-22.1406546776
ALVINLÂNDIA,-49.8196273756,-22.5260771953
AMERICANA,-47.3880621366,-22.7850317644
AMÉRICO BRASILIENSE,-48.147824512,-21.7704122695
AMÉRICO DE CAMPOS,-49.8670277444,-20.3847587358
AMPARO,-46.9322098307,-22.8529874404
ANALÂNDIA,-47.799943,-22.2400916233
ANDRADINA,-51.4816126364,-21.0855767839
ANGATUBA,-48.656314916,-23.6358223615
ANHEMBI,-48.3104684065,-22.9981704095
ANHUMAS,-51.5202393241,-22.5156651217
APARECIDA,-45.2816761636,-23.0080006136
APARECIDA D'OESTE,-50.9908369875,-20.5593222259
APIAÍ,-49.1199012142,-24.5860993501
ARAÇARIGUAMA,-47.1424481223,-23.516267
ARAÇATUBA,-50.8996007687,-21.4554004394
ARAÇOIABA DA SERRA,-47.7653468182,-23.631314342
ARAMINA,-47.8995142726,-20.2471057384
ARANDU,-49.1513205609,-23.2657641737
ARAPEÍ,-44.5333782978,-22.7719113289
ARARAQUARA,-48.3965821238,-21.9724064604
ARARAS,-47.4839585018,-22.4768623667
ARCO-ÍRIS,-50.5399731277,-21.8518560164
AREALVA,-49.1354206058,-22.2194843569
AREIAS,-44.8167005042,-22.8343876734
AREIÓPOLIS,-48.691791959,-22.6985893951
ARIRANHA,-48.8586954077,-21.2470857647
ARTUR NOGUEIRA,-47.2365738055,-22.6390999939
ARUJÁ,-46.377608,-23.437278
ASPÁSIA,-50.7823734371,-20.2384861591
ASSIS,-50.5732570134,-22.7118005853
ATIBAIA,-46.7164522598,-23.2616018104
AURIFLAMA,-50.6853229737,-20.7728938218
AVAÍ,-49.4589811093,-22.3472630813
AVANHANDAVA,-50.0608534363,-21.6099282627
AVARÉ,-49.0805793859,-23.3024208083
BADY BASSITT,-49.5102333093,-20.9852367091
BALBINOS,-49.3889506454,-21.9530510355
BÁLSAMO,-49.626865119,-20.7892018692
BANANAL,-44.5084936088,-22.8853712688
BARÃO DE ANTONINA,-49.6295248849,-23.6789844409
BARBOSA,-50.0287872221,-21.3553866367
BARIRI,-48.8672131114,-22.1928221724
BARRA BONITA,-48.6407011075,-22.5468111387
BARRA DO CHAPÉU,-49.2539602238,-24.5542396998
BARRA DO TURVO,-48.6008313333,-25.1008198482
BARRETOS,-48.8944412993,-20.7428714486
BARRINHA,-48.1783124474,-21.3068118446
BARUERI,-46.965401,-23.553318
BASTOS,-50.8643039021,-22.0152473224
BATATAIS,-47.786923583,-21.0384301013
BAURU,-49.2908609299,-22.4171851987
BEBEDOURO,-48.6844673521,-21.0916561563
BENTO DE ABREU,-50.9865135951,-21.4478680221
BERNARDINO DE CAMPOS,-49.5624759585,-23.1501066495
BERTIOGA,-46.242677,-23.888888
BILAC,-50.5535295233,-21.5235278254
BIRIGUI,-50.4665508215,-21.4681124478
BIRITIBA-MIRIM,-46.112126,-23.73633
BOA ESPERANÇA DO SUL,-48.6801288382,-22.0631539619
BOCAINA,-48.6468937731,-22.19858736
BOFETE,-48.4922919663,-23.3030052548
BOITUVA,-47.7800785289,-23.3791388407
BOM JESUS DOS PERDÕES,-46.543317,-23.237252
BOM SUCESSO DE ITARARÉ,-49.2542356561,-24.4050386326
BORÁ,-50.5609528076,-22.3190788908
BORACÉIA,-48.8563586477,-22.2326660284
BORBOREMA,-49.2412169957,-21.755594838
BOREBI,-49.0968065285,-22.8406454177
BOTUCATU,-48.8522130516,-23.0818816386
BRAGANÇA PAULISTA,-46.7208785348,-23.0517294115
BRAÚNA,-50.4248549109,-21.6375074474
BREJO ALEGRE,-50.2590447315,-21.2584144505
BRODOWSKI,-47.726035,-21.151088
BROTAS,-48.3299783653,-22.5069258134
BURI,-48.7809568842,-23.9413138258
BURITAMA,-50.3581897632,-21.1398860741
BURITIZAL,-47.8373946265,-20.2882644164
CABRÁLIA PAULISTA,-49.503078409,-22.5764498124
CABREÚVA,-47.1913558845,-23.4045823978
CAÇAPAVA,-45.841785,-23.2379490075
CACHOEIRA PAULISTA,-45.1253912141,-22.8571791796
CACONDE,-46.7628157043,-21.6850599488
CAFELÂNDIA,-49.8088954823,-21.9399297363
CAIABU,-51.2910696272,-22.0716905069
CAIEIRAS,-46.8236739909,-23.426962
CAIUÁ,-52.143937,-22.048043
CAJAMAR,-46.94089849,-23.4302919409
CAJATI,-48.3193902678,-24.9121258694
CAJOBI,-48.9490862462,-20.9376968915
CAJURU,-47.478876374,-21.4625974087
CAMPINA DO MONTE ALEGRE,-48.5392882466,-23.7156961234
CAMPINAS,-47.246767,-23.061219
CAMPO LIMPO PAULISTA,-46.810238,-23.2672505114
CAMPOS DO JORDÃO,-45.6763136153,-22.7971683745
CAMPOS NOVOS PAULISTA,-50.138773824,-22.7843042981
CANANÉIA,-48.2396928397,-25.3123209493
CANAS,-45.0752429694,-22.8101197829
CÂNDIDO MOTA,-50.5787183474,-22.9464074024
CÂNDIDO RODRIGUES,-48.6841510055,-21.3942957208
CANITAR,-49.8368990069,-23.0769538092
CAPÃO BONITO,-48.5866936819,-24.2819126873
CAPELA DO ALTO,-47.8072143318,-23.561875143
CAPIVARI,-47.6233063561,-23.1280615142
CARAGUATATUBA,-45.7196583481,-23.7600041491
CARAPICUÍBA,-46.876765,-23.5843107429
CARDOSO,-50.1116963017,-20.2184050907
CASA BRANCA,-47.2413592787,-22.0106718538
CÁSSIA DOS COQUEIROS,-47.2344854692,-21.3486568651
CASTILHO,-51.7724764338,-21.1698638302
CATANDUVA,-49.0913314559,-21.2545676854
CATIGUÁ,-49.1334856022,-21.1357619761
CEDRAL,-49.374709,-21.0192272731
CERQUEIRA CÉSAR,-49.2487121394,-23.2600661261
CERQUILHO,-47.8277334447,-23.2531428676
CESÁRIO LANGE,-48.0091761656,-23.2838272308
CHARQUEADA,-47.8309130321,-22.6088030692
CLEMENTINA,-50.5574939361,-21.662100646
COLINA,-48.7536692786,-20.8409770959
COLÔMBIA,-48.8887603869,-20.3989510904
CONCHAL,-47.209725137,-22.4819606155
CONCHAS,-48.1661715089,-23.1042416591
CORDEIRÓPOLIS,-47.4932981158,-22.5369893063
COROADOS,-50.442736815,-21.5121520001
CORONEL MACEDO,-49.4764079175,-23.738041719
CORUMBATAÍ,-47.7240467806,-22.3352038977
COSMÓPOLIS,-47.2790551155,-22.7351255234
COSMORAMA,-49.92444,-20.5909879051
COTIA,-47.084756,-23.80345
CRAVINHOS,-47.907087,-21.428499
CRISTAIS PAULISTA,-47.5294886473,-20.4654832035
CRUZÁLIA,-50.8536711868,-22.8009422857
CRUZEIRO,-45.1243585097,-22.6602585569
CUBATÃO,-46.496237,-23.9414606115
CUNHA,-45.1643051761,-23.3239187835
DESCALVADO,-47.7919182588,-22.0550822949
DIADEMA,-46.651291,-23.739143
DIRCE REIS,-50.6720426231,-20.5172186745
DIVINOLÂNDIA,-46.8052240557,-21.7689368505
DOBRADA,-48.4762691466,-21.5575125444
DOIS CÓRREGOS,-48.488565932,-22.6254204967
DOLCINÓPOLIS,-50.5843976422,-20.1763438496
DOURADO,-48.4462134144,-22.1987684202
DRACENA,-51.7155989927,-21.6871394983
DUARTINA,-49.5157009123,-22.5034107306
DUMONT,-48.05326,-21.310095
ECHAPORÃ,-50.3499943343,-22.593134668
ELDORADO,-48.4645964414,-24.8070857845
ELIAS FAUSTO,-47.4627451588,-23.168677599
ELISIÁRIO,-49.153310251,-21.2212303838
EMBAÚBA,-48.9109938046,-21.0155150637
EMBU,-46.918322,-23.6882076811
EMBU-GUAÇU,-46.9121831896,-23.9418610639
EMILIANÓPOLIS,-51.5735703037,-21.8766028069
ENGENHEIRO COELHO,-47.252896684,-22.5271259692
ESPÍRITO SANTO DO PINHAL,-46.900473429,-22.3073015275
ESPÍRITO SANTO DO TURVO,-49.5070281198,-22.7429175413
ESTRELA D'OESTE,-50.4808969218,-20.4123454542
ESTRELA DO NORTE,-51.7844093667,-22.5732388826
EUCLIDES DA CUNHA PAULISTA,-52.7795057081,-22.6345557892
FARTURA,-49.6381780699,-23.5411232766
FERNANDÓPOLIS,-50.3889646222,-20.4778279265
FERNANDO PRESTES,-48.7543813744,-21.4240644654
FERNÃO,-49.6190927808,-22.4430769877
FERRAZ DE VASCONCELOS,-46.399545,-23.6177736985
FLORA RICA,-51.4966809489,-21.7747453829
FLOREAL,-50.2505032746,-20.7819237773
FLÓRIDA PAULISTA,-51.2853591139,-21.7437568971
FLORÍNIA,-50.8236230279,-22.9633510133
FRANCA,-47.5527585251,-20.7734443424
FRANCISCO MORATO,-46.78638,-23.30215
FRANCO DA ROCHA,-46.8423382056,-23.3681220419
GABRIEL MONTEIRO,-50.6544769787,-21.5739609747
GÁLIA,-49.7289952857,-22.4691705769
GARÇA,-49.8549804041,-22.3830440578
GASTÃO VIDIGAL,-50.2905930409,-20.8749156064
GAVIÃO PEIXOTO,-48.5964444136,-21.8709816018
GENERAL SALGADO,-50.554570871,-20.8010332464
GETULINA,-50.2742198686,-21.9411437953
GLICÉRIO,-50.2996257223,-21.494618797
GUAIÇARA,-49.9137321656,-21.7401206838
GUAIMBÊ,-49.9651740041,-21.9713136073
GUAÍRA,-48.646925692,-20.5462553573
GUAPIAÇU,-49.283164,-20.851153
GUAPIARA,-48.6701903806,-24.336428234
GUARÁ,-47.9323070265,-20.5979982168
GUARAÇAÍ,-51.4852677714,-21.2948279934
GUARACI,-49.1207186888,-20.5916683293
GUARANI D'OESTE,-50.4233323903,-20.1062976941
GUARANTÃ,-49.756489773,-22.0476680377
GUARARAPES,-50.8736263037,-21.5649819045
GUARAREMA,-46.160501,-23.542171
GUARATINGUETÁ,-45.4403259435,-23.0154281101
GUAREÍ,-48.3870766136,-23.4952450057
GUARIBA,-48.3371673757,-21.4812971669
GUARUJÁ,-46.325456,-24.042137
GUARULHOS,-46.570683,-23.510097
GUATAPARÁ,-48.1094220793,-21.5988633647
GUZOLÂNDIA,-50.8057827969,-20.7221544886
HERCULÂNDIA,-50.5119987324,-22.0820915582
HOLAMBRA,-47.1157483948,-22.6901196006
HORTOLÂNDIA,-47.260961,-22.913343
IACANGA,-49.1522598468,-22.0498864772
IACRI,-50.7370964044,-21.9353071311
IARAS,-49.2100879545,-22.9591738575
IBATÉ,-48.1661037024,-22.0606404573
IBIRÁ,-49.3162908095,-21.1847588711
IBIRAREMA,-50.135406653,-22.9417621345
IBITINGA,-49.0840270454,-21.9281448813
IBIÚNA,-47.3885902934,-24.0240791792
ICÉM,-49.309410583,-20.475703345
IEPÊ,-51.2137374803,-22.7938214267
IGARAÇU DO TIETÊ,-48.6546069496,-22.5872185882
IGARAPAVA,-47.8762028967,-20.1596031504
IGARATÁ,-46.263659,-23.257373
IGUAPE,-47.8302993948,-24.8470959063
ILHABELA,-45.461913,-23.9660654821
ILHA COMPRIDA,-47.9186634202,-25.0542552923
ILHA SOLTEIRA,-51.4188473144,-20.6826109996
INDAIATUBA,-47.3055958813,-23.2260341732
INDIANA,-51.3197126088,-22.2210644252
INDIAPORÃ,-50.35225961,-20.0477395459
INÚBIA PAULISTA,-51.0095065676,-21.8226392173
IPAUSSU,-49.6829655728,-23.1479750804
IPERÓ,-47.7449821103,-23.4808025101
IPEÚNA,-47.7956104458,-22.5411226266
IPIGUÁ,-49.465299,-20.73163
IPORANGA,-48.8108087528,-24.7262018603
IPUÃ,-48.2113500505,-20.5318196818
IRACEMÁPOLIS,-47.582749536,-22.7171440068
IRAPUÃ,-49.5177105925,-21.3720905701
IRAPURU,-51.4176933661,-21.644549502
ITABERÁ,-49.3427111205,-24.1253998357
ITAÍ,-49.2235861674,-23.7026973593
ITAJOBI,-49.2340747036,-21.4915729098
ITAJU,-48.908963385,-22.0240663472
ITANHAÉM,-46.983268,-24.252584
ITAÓCA,-48.9491577476,-24.6751457151
ITAPECERICA DA SERRA,-46.937828,-23.8047219693
ITAPETININGA,-48.408572575,-23.8613848391
ITAPEVA,-49.19962621,-24.1991336291
ITAPEVI,-47.030183,-23.603795
ITAPIRA,-46.884638537,-22.5861679121
ITAPIRAPUÃ PAULISTA,-49.3176777416,-24.702364617
ITÁPOLIS,-49.0003329858,-21.7164950536
ITAPORANGA,-49.5760873065,-23.8069428744
ITAPUÍ,-48.7719619535,-22.3197315204
ITAPURA,-51.5751856874,-20.690133337
ITAQUAQUECETUBA,-46.397296,-23.5121716834
ITARARÉ,-49.5244660309,-24.3179172768
ITARIRI,-47.2490204937,-24.376509459
ITATIBA,-46.9276351132,-23.1068226388
ITATINGA,-48.7787094773,-23.3430597982
ITIRAPINA,-47.9598784763,-22.4569677865
ITIRAPUÃ,-47.2529075001,-20.7322105091
ITOBI,-47.0108846446,-21.8202247973
ITU,-47.4393124454,-23.439923
ITUPEVA,-47.1471031899,-23.2452676438
ITUVERAVA,-48.0402689429,-20.4816739599
JABORANDI,-48.5256637699,-20.7528109466
JABOTICABAL,-48.4504890106,-21.3607466574
JACAREÍ,-46.15358,-23.4197759576
JACI,-49.634957336,-21.0255266124
JACUPIRANGA,-48.2254995606,-24.9864033629
JAGUARIÚNA,-47.102738028,-22.7504150657
JALES,-50.6568310398,-20.397689368
JAMBEIRO,-45.809135,-23.356193082
JANDIRA,-46.930397,-23.5694062829
JARDINÓPOLIS,-48.0022148698,-21.120072
JARINU,-46.8083480594,-23.2150156824
JAÚ,-48.7310633803,-22.4810529074
JERIQUARA,-47.6454422138,-20.4072271416
JOANÓPOLIS,-46.399278,-23.012631
JOÃO RAMALHO,-50.9352699619,-22.4445451927
JOSÉ BONIFÁCIO,-49.9915674918,-21.2618370035
JÚLIO MESQUITA,-49.8822419438,-22.061647746
JUMIRIM,-47.8395658839,-23.1530087296
JUNDIAÍ,-47.0288905999,-23.3268333986
JUNQUEIRÓPOLIS,-51.5362361527,-21.7076606899
JUQUIÁ,-47.803377,-24.3981072911
JUQUITIBA,-47.208521885,-24.0642506813
LAGOINHA,-45.3140513848,-23.1979948634
LARANJAL PAULISTA,-47.951204362,-23.1759472549
LAVÍNIA,-51.225663345,-21.3840223122
LAVRINHAS,-44.9669777572,-22.621826988
LEME,-47.4908653987,-22.2679124724
LENÇÓIS PAULISTA,-48.9638388259,-22.8524475725
LIMEIRA,-47.5117268984,-22.7384277357
LINDÓIA,-46.7125907188,-22.5545129851
LINS,-49.870501,-21.8045023834
LORENA,-45.2065400786,-22.9244181696
LOURDES,-50.302452611,-21.0081572378
LOUVEIRA,-46.9991512426,-23.1210772011
LUCÉLIA,-51.1128395266,-21.8355524076
LUCIANÓPOLIS,-49.6285117896,-22.5765008022
LUÍS ANTÔNIO,-47.9281431582,-21.7142783675
LUIZIÂNIA,-50.4538120858,-21.7257848046
LUPÉRCIO,-49.8853850942,-22.5268496247
LUTÉCIA,-50.4796516624,-22.4789721232
MACATUBA,-48.8270133155,-22.559050386
MACAUBAL,-50.0511814433,-20.9783901477
MACEDÔNIA,-50.3088098754,-20.205772105
MAGDA,-50.3027666058,-20.7521831685
MAIRINQUE,-47.326391,-23.6202769366
MAIRIPORÃ,-46.670187,-23.431038
MANDURI,-49.3876369523,-23.1447500475
MARABÁ PAULISTA,-52.284730157,-22.2910376823
MARACAÍ,-50.9822709894,-22.8053252314
MARAPOAMA,-49.2340747036,-21.3249076252
MARIÁPOLIS,-51.2490298393,-21.8650945849
MARÍLIA,-50.1501662391,-22.4989027734
MARINÓPOLIS,-50.8730982196,-20.548876039
MARTINÓPOLIS,-51.2733239112,-22.5479578185
MATÃO,-48.6300739099,-21.7237895518
MAUÁ,-46.49948,-23.719587
MENDONÇA,-49.6879559612,-21.2776226807
MERIDIANO,-50.3117860033,-20.4970686584
MESÓPOLIS,-50.6864111757,-20.0494204796
MIGUELÓPOLIS,-48.4516158693,-20.3534270096
MINEIROS DO TIETÊ,-48.515965279,-22.5800160905
MIRACATU,-47.5910455575,-24.3889794342
MIRA ESTRELA,-50.1934134785,-20.0485544282
MIRANDÓPOLIS,-51.3302977715,-21.3432268871
MIRANTE DO PARANAPANEMA,-52.2321389027,-22.5394100422
MIRASSOL,-49.5823184411,-20.9762871073
MIRASSOLÂNDIA,-49.5443083933,-20.6938758032
MOCOCA,-47.2479846179,-21.6338600568
MOGI DAS CRUZES,-46.321927,-23.770307
MOGI GUAÇU,-47.2424168648,-22.4015853809
MOJI MIRIM,-47.1360400354,-22.5760860656
MOMBUCA,-47.7011878596,-22.9979331075
MONÇÕES,-50.1640421619,-20.9403145552
MONGAGUÁ,-46.7486528504,-24.14342068
MONTE ALEGRE DO SUL,-46.7283313788,-22.7794968671
MONTE ALTO,-48.7061660571,-21.3541063778
MONTE APRAZÍVEL,-49.9481846819,-20.8605112651
MONTE AZUL PAULISTA,-48.7856434853,-21.0111426911
MONTE CASTELO,-51.6531175835,-21.3419495549
MONTEIRO LOBATO,-45.932399,-23.045411
MONTE MOR,-47.4065459707,-23.0437087336
MORRO AGUDO,-48.3836549446,-20.9315646104
MORUNGABA,-46.891336,-22.9415705881
MOTUCA,-48.2634391297,-21.6188265957
MURUTINGA DO SUL,-51.4108532938,-21.1359913281
NANTES,-51.2982027743,-22.7236675677
NARANDIBA,-51.6278786295,-22.6971793448
NATIVIDADE DA SERRA,-45.5776053435,-23.5777173304
NAZARÉ PAULISTA,-46.51556,-23.316319
NEVES PAULISTA,-49.7265823509,-20.9946541213
NHANDEARA,-50.1287373478,-20.8311161247
NIPOÃ,-49.8509088937,-20.9535048753
NOVA ALIANÇA,-49.6184939744,-21.1618751689
NOVA CAMPINA,-49.1545364973,-24.3131901981
NOVA CANAÃ PAULISTA,-50.976528007,-20.4411793775
NOVA CASTILHO,-50.4323186986,-20.8551907539
NOVA EUROPA,-48.6695964663,-21.8490918862
NOVA GRANADA,-49.4779278058,-20.6075328358
NOVA GUATAPORANGA,-51.6816445732,-21.356106979
NOVA INDEPENDÊNCIA,-51.6442483107,-21.2322805829
NOVAIS,-48.9641411541,-21.0596246846
NOVA LUZITÂNIA,-50.3376271746,-20.9064724628
NOVA ODESSA,-47.3584107627,-22.8319019067
NOVO HORIZONTE,-49.5471205207,-21.6732849033
NUPORANGA,-47.8316721269,-20.8211203126
OCAUÇU,-50.0607254082,-22.540952059
ÓLEO,-49.4605608605,-23.0579345076
OLÍMPIA,-49.1296979476,-20.8696238334
ONDA VERDE,-49.3646741274,-20.684634
ORIENTE,-50.1738653722,-22.2606250123
ORINDIÚVA,-49.4650734302,-20.3120984678
ORLÂNDIA,-47.9899984762,-20.8143593723
OSASCO,-46.821827,-23.609067
OSCAR BRESSANE,-50.332573902,-22.379850192
OSVALDO CRUZ,-50.9606899712,-21.8701416904
OURINHOS,-49.9725249144,-23.073255078
OUROESTE,-50.4814608689,-20.0588074071
OURO VERDE,-51.8431068491,-21.6073878045
PACAEMBU,-51.3547374853,-21.6751538205
PALESTINA,-49.6918283363,-20.5051200224
PALMARES PAULISTA,-48.8827761932,-21.1564148552
PALMEIRA D'OESTE,-50.8543756288,-20.5536057705
PALMITAL,-50.3596374567,-22.9541466788
PANORAMA,-51.9658838094,-21.5850896864
PARAGUAÇU PAULISTA,-50.8579449118,-22.6472017726
PARAIBUNA,-45.7911483331,-23.6572424378
PARAÍSO,-48.844293464,-21.1003339806
PARANAPANEMA,-49.0017183576,-23.6428024363
PARANAPUÃ,-50.6643954524,-20.1408591576
PARAPUÃ,-50.9659353192,-21.968962929
PARDINHO,-48.4763429475,-23.2035818366
PARIQUERA-AÇU,-47.9643868316,-24.7993619483
PARISI,-50.081238407,-20.3362213233
PATROCÍNIO PAULISTA,-47.4526696215,-20.8645940004
PAULICÉIA,-51.8797204851,-21.3741359054
PAULÍNIA,-47.2177704254,-22.817016
PAULISTÂNIA,-49.4569782169,-22.6427600926
PAULO DE FARIA,-49.6237683459,-20.242300824
PEDERNEIRAS,-49.0551594016,-22.490415414
PEDRA BELA,-46.5355171066,-22.8285435406
PEDRANÓPOLIS,-50.2307908364,-20.3212733133
PEDREGULHO,-47.6192395266,-20.3204015835
PEDREIRA,-46.957425,-22.843212
PEDRINHAS PAULISTA,-50.9276919258,-22.8832842521
PEDRO DE TOLEDO,-47.3506290154,-24.3618790175
PENÁPOLIS,-50.2804777151,-21.5900544505
PEREIRA BARRETO,-51.3246131748,-20.909771386
PEREIRAS,-48.0629414038,-23.2325131345
PERUÍBE,-47.120798,-24.444781
PIACATU,-50.7822619898,-21.6618651179
PIEDADE,-47.6187456353,-23.9828722019
PILAR DO SUL,-47.8775500188,-24.0093796401
PINDAMONHANGABA,-45.6699600493,-23.0714563901
PINDORAMA,-49.0108610553,-21.2995922351
PINHALZINHO,-46.6609267951,-22.8508467501
PIQUEROBI,-51.9155719747,-22.0589248992
PIQUETE,-45.2691050893,-22.6595338601
PIRACAIA,-46.48349,-23.122695
PIRACICABA,-48.098664,-22.901498
PIRAJU,-49.5733528809,-23.3367898959
PIRAJUÍ,-49.6955179172,-22.1398481833
PIRANGI,-48.7778848956,-21.164984535
PIRAPORA DO BOM JESUS,-47.042914712,-23.435863
PIRAPOZINHO,-51.8901762443,-22.6703603927
PIRASSUNUNGA,-47.6264661843,-22.104187968
PIRATININGA,-49.3235309782,-22.5291671287
PITANGUEIRAS,-48.4330667566,-21.130396568
PLANALTO,-50.055037516,-21.1334555644
PLATINA,-50.3478512012,-22.7152785664
POÁ,-46.368692,-23.57355
POLONI,-49.905386789,-20.8176036383
POMPÉIA,-50.3458852348,-22.2506820024
PONGAÍ,-49.4345406359,-21.8306286042
PONTAL,-48.1790263912,-21.1049726187
PONTALINDA,-50.6251813035,-20.5290824023
PONTES GESTAL,-49.8253533213,-20.285529858
POPULINA,-50.6154350493,-20.0371434982
PORANGABA,-48.2248996825,-23.2711956363
PORTO FELIZ,-47.6319057828,-23.385197
PORTO FERREIRA,-47.5550201967,-21.9358967465
POTIM,-45.3642618834,-22.857721564
POTIRENDABA,-49.4956791858,-21.1925081549
PRACINHA,-51.140233226,-21.8892501882
PRADÓPOLIS,-48.1464806231,-21.4301779813
PRAIA GRANDE,-46.6127350797,-24.08962
PRATÂNIA,-48.8025679612,-22.8743710326
PRESIDENTE ALVES,-49.5621420737,-22.2452710389
PRESIDENTE BERNARDES,-51.8381289317,-22.3615861776
PRESIDENTE EPITÁCIO,-52.4561849678,-22.2730556867
PRESIDENTE PRUDENTE,-51.4839478515,-22.2063294612
PRESIDENTE VENCESLAU,-52.0298901235,-22.0059254458
PROMISSÃO,-50.109625315,-21.7076593648
QUADRA,-48.1393236099,-23.383344619
QUATÁ,-50.7872614785,-22.437522
QUEIROZ,-50.3380385618,-21.8913959654
QUELUZ,-44.8552099878,-22.6137758438
QUINTANA,-50.521261934,-22.1957718718
RAFARD,-47.6628680898,-23.10372545
RANCHARIA,-51.1117474878,-22.6750023647
REDENÇÃO DA SERRA,-45.6455545866,-23.3390430297
REGENTE FEIJÓ,-51.3995978975,-22.3550884687
REGINÓPOLIS,-49.2617853879,-22.0656075037
REGISTRO,-48.0850043511,-24.6384385111
RESTINGA,-47.6052124971,-20.7416830924
RIBEIRA,-49.1714495813,-24.6883523089
RIBEIRÃO BONITO,-48.3072960656,-22.1839061644
RIBEIRÃO BRANCO,-48.9872579361,-24.39235606
RIBEIRÃO CORRENTE,-47.6658906146,-20.530978771
RIBEIRÃO DO SUL,-50.0100547839,-22.833056081
RIBEIRÃO DOS ÍNDIOS,-51.6683252666,-21.9414492165
RIBEIRÃO GRANDE,-48.449556716,-24.3144851458
RIBEIRÃO PIRES,-46.475329,-23.770903
RIBEIRÃO PRETO,-47.989154,-21.369355
RIVERSUL,-49.6107365025,-23.9301061136
RIFAINA,-47.5492377386,-20.1708258366
RINCÃO,-48.1704419946,-21.6781506132
RINÓPOLIS,-50.8305935423,-21.7994702684
RIO CLARO,-47.7653623421,-22.5520658034
RIO DAS PEDRAS,-47.7122380408,-22.926464021
RIO GRANDE DA SERRA,-46.428875,-23.774064
RIOLÂNDIA,-49.9067502916,-20.182104426
ROSANA,-53.1101115316,-22.6584459906
ROSEIRA,-45.3544391725,-23.0270803528
RUBIÁCEA,-50.9241714324,-21.4910425321
RUBINÉIA,-51.1093895548,-20.4317230381
SABINO,-49.7010848474,-21.6170153323
SAGRES,-51.0831457413,-21.9263959099
SALES,-49.623925983,-21.4482095742
SALES OLIVEIRA,-47.9855848203,-20.9106975982
SALESÓPOLIS,-45.992664,-23.683156
SALMOURÃO,-50.9393094115,-21.6894171403
SALTINHO,-47.8069048535,-22.9332349452
SALTO,-47.3895154391,-23.2368172732
SALTO DE PIRAPORA,-47.7065661215,-23.7570267333
SALTO GRANDE,-50.0566492366,-22.9606741526
SANDOVALINA,-52.0329239625,-22.6131686008
SANTA ADÉLIA,-48.9238605815,-21.4276336119
SANTA ALBERTINA,-50.8442180138,-20.1484696535
SANTA BÁRBARA D'OESTE,-47.530548998,-22.908266
SANTA BRANCA,-45.9873849415,-23.5068414793
SANTA CLARA D'OESTE,-51.0011911358,-20.1419081549
SANTA CRUZ DA CONCEIÇÃO,-47.5783866666,-22.1875530861
SANTA CRUZ DA ESPERANÇA,-47.5171315997,-21.3692429211
SANTA CRUZ DAS PALMEIRAS,-47.3468980664,-21.9821154303
SANTA CRUZ DO RIO PARDO,-49.7804432514,-23.0087480318
SANTA ERNESTINA,-48.4639378552,-21.5054602739
SANTA FÉ DO SUL,-51.023981,-20.4032676753
SANTA GERTRUDES,-47.5793261234,-22.5355925525
SANTA ISABEL,-46.364157,-23.407777
SANTA LÚCIA,-48.1805286926,-21.716926764
SANTA MARIA DA SERRA,-48.2614798903,-22.6519407862
SANTA MERCEDES,-51.8080323789,-21.3951698305
SANTANA DA PONTE PENSA,-50.8600279128,-20.3394701057
SANTANA DE PARNAÍBA,-47.037523,-23.508167
SANTA RITA D'OESTE,-50.8859988224,-20.2170453808
SANTA RITA DO PASSA QUATRO,-47.7241393879,-21.8082049352
SANTA ROSA DE VITERBO,-47.4475163681,-21.6137409144
SANTA SALETE,-50.7850794405,-20.3372263483
SANTO ANASTÁCIO,-51.8839237266,-22.201866313
SANTO ANDRÉ,-46.567208,-23.81587
SANTO ANTÔNIO DA ALEGRIA,-47.3087523722,-21.2122635959
SANTO ANTÔNIO DE POSSE,-47.0482978084,-22.6828341031
SANTO ANTÔNIO DO ARACANGUÁ,-50.8729455288,-21.0653770653
SANTO ANTÔNIO DO JARDIM,-46.757800933,-22.1813219002
SANTO ANTÔNIO DO PINHAL,-45.7709451378,-22.8914689975
SANTO EXPEDITO,-51.424227166,-21.8881784595
SANTÓPOLIS DO AGUAPEÍ,-50.6099268838,-21.7159856425
SANTOS,-46.403067,-23.993249
SÃO BENTO DO SAPUCAÍ,-45.8199278186,-22.7876974138
SÃO BERNARDO DO CAMPO,-46.652046,-23.967918
SÃO CAETANO DO SUL,-46.584958,-23.65057
SÃO CARLOS,-48.0912610347,-22.161045
SÃO FRANCISCO,-50.7417135264,-20.4377196853
SÃO JOÃO DA BOA VISTA,-46.944067901,-22.0949929744
SÃO JOÃO DAS DUAS PONTES,-50.4482534074,-20.4836978998
SÃO JOÃO DE IRACEMA,-50.4598333999,-20.5860259132
SÃO JOÃO DO PAU D'ALHO,-51.7319783237,-21.3061427385
SÃO JOAQUIM DA BARRA,-48.1344116933,-20.6485690986
SÃO JOSÉ DA BELA VISTA,-47.7430273755,-20.7016560066
SÃO JOSÉ DO BARREIRO,-44.7247732225,-22.9067132042
SÃO JOSÉ DO RIO PARDO,-47.0376661354,-21.7088206898
SÃO JOSÉ DO RIO PRETO,-49.463271,-20.932792
SÃO JOSÉ DOS CAMPOS,-46.107989,-23.306683
SÃO LOURENÇO DA SERRA,-47.0287876214,-23.9384371356
SÃO LUÍS DO PARAITINGA,-45.4268103863,-23.3970776264
SÃO MANUEL,-48.7294289589,-22.8591723529
SÃO MIGUEL ARCANJO,-48.2074619349,-24.1203275078
SÃO PAULO,-46.826199,-24.008431
SÃO PEDRO,-48.0806289757,-22.692308
SÃO PEDRO DO TURVO,-49.9021870014,-22.8769674201
SÃO ROQUE,-47.208893,-23.653945
SÃO SEBASTIÃO,-45.842179,-23.8710125528
SÃO SEBASTIÃO DA GRAMA,-46.872196941,-21.8413755125
SÃO SIMÃO,-47.82977,-21.5922651885
SÃO VICENTE,-46.650333886,-24.0102009171
SARAPUÍ,-47.9177102216,-23.7659904244
SARUTAIÁ,-49.549882371,-23.335768697
SEBASTIANÓPOLIS DO SUL,-49.9856850016,-20.7105509277
SERRA AZUL,-47.6609155338,-21.4139824612
SERRANA,-47.679225,-21.2802955807
SERRA NEGRA,-46.7976887205,-22.666020835
SERTÃOZINHO,-48.1869271757,-21.218411
SETE BARRAS,-48.1398176455,-24.5150131102
SEVERÍNIA,-48.8917033211,-20.8448116838
SILVEIRAS,-44.927718873,-22.8968601397
SOCORRO,-46.6321244809,-22.730355667
SOROCABA,-47.570494,-23.588905
SUD MENNUCCI,-51.0577505877,-20.8268135123
SUMARÉ,-47.370203,-22.908045
SUZANO,-46.3834767668,-23.744579
SUZANÁPOLIS,-51.2313806339,-20.5651086167
TABAPUÃ,-49.1319942174,-21.0654506751
TABATINGA,-48.7514489671,-21.8371221287
TABOÃO DA SERRA,-46.821622,-23.647191
TACIBA,-51.459081977,-22.6744906882
TAGUAÍ,-49.4779175498,-23.5408751965
TAIAÇU,-48.5971613784,-21.1902009369
TAIÚVA,-48.493168803,-21.2122033664
TAMBAÚ,-47.3998857681,-21.7578537524
TANABI,-49.8706790419,-20.7148658861
TAPIRAÍ,-47.9070222875,-24.1350925675
TAPIRATIBA,-46.8364018883,-21.5521474125
TAQUARAL,-48.4606997094,-21.0979530696
TAQUARITINGA,-48.7252542628,-21.5670722966
TAQUARITUBA,-49.3620563807,-23.6677341396
TAQUARIVAÍ,-48.7957585481,-24.0316401808
TARABAI,-51.712217,-22.4469318838
TARUMÃ,-50.7070254324,-22.872562715
TATUÍ,-48.0832742583,-23.4886961955
TAUBATÉ,-45.7250880358,-23.2246396217
TEJUPÁ,-49.4183790313,-23.4351346941
TEODORO SAMPAIO,-52.6556020737,-22.6755349081
TERRA ROXA,-48.4509624832,-20.8542542888
TIETÊ,-47.826704886,-23.2232340908
TIMBURI,-49.7166506311,-23.2817726855
TORRE DE PEDRA,-48.2608392707,-23.3031629258
TORRINHA,-48.2894683751,-22.536574
TRABIJU,-48.4413250804,-22.0781211144
TREMEMBÉ,-45.7046731622,-23.0012062979
TRÊS FRONTEIRAS,-50.937899,-20.3875313633
TUIUTI,-46.7611762079,-22.8947393578
TUPÃ,-50.7102191394,-22.1110392004
TUPI PAULISTA,-51.7231820366,-21.4548524114
TURIÚBA,-50.1828120734,-21.0017572545
TURMALINA,-50.519670564,-20.1588871706
UBARANA,-49.8564835716,-21.3064041617
UBATUBA,-45.2805581337,-23.5963650007
UBIRAJARA,-49.7720015414,-22.6654618852
UCHOA,-49.2575229113,-21.0780978735
UNIÃO PAULISTA,-49.9570572686,-20.9354253436
URÂNIA,-50.7351752096,-20.3337205079
URU,-49.3911668585,-21.860250674
URUPÊS,-49.3990972489,-21.3147475328
VALENTIM GENTIL,-50.2027818598,-20.5137039645
VALINHOS,-47.074857,-23.0570422787
VALPARAÍSO,-51.145146358,-21.4395585895
VARGEM,-46.4858621145,-22.9813634824
VARGEM GRANDE DO SUL,-47.0042102335,-21.9834254715
VARGEM GRANDE PAULISTA,-47.0590289704,-23.670855
VÁRZEA PAULISTA,-46.8554036197,-23.261133
VERA CRUZ,-49.9140044568,-22.3576629381
VINHEDO,-47.0415769539,-23.1157150358
VIRADOURO,-48.4093490583,-20.9550096675
VISTA ALEGRE DO ALTO,-48.7285799444,-21.2145316538
VITÓRIA BRASIL,-50.5225332962,-20.2452794439
VOTORANTIM,-47.518449,-23.6500129482
VOTUPORANGA,-50.1546736084,-20.576005
ZACARIAS,-50.1513161245,-21.2267822741
CHAVANTES,-49.8193899044,-23.148393258
ESTIVA GERBI,-46.9837241842,-22.2956116637
